﻿일련번호,행사날짜,행사명,행사장,행사시작,관중수
1,2023-02-25,에스파 콘서트,잠실실내체육관,18:00,3807
2,2023-02-26,에스파 콘서트,잠실실내체육관,17:00,3686
3,2023-04-15,슈퍼주니어 콘서트_슈퍼쇼9 앵콜,잠실실내체육관,18:00,5283
4,2023-04-16,슈퍼주니어 콘서트_슈퍼쇼9 앵콜,잠실실내체육관,16:00,5361
5,2023-04-28,Ateez 앵콜 콘서트,잠실실내체육관,19:00,4629
6,2023-04-29,Ateez 앵콜 콘서트,잠실실내체육관,18:00,5069
7,2023-05-13,2023 조용필 & 위대한탄생 콘서트,올림픽주경기장,19:00,30433
8,2023-06-17,브루노마스 내한공연,올림픽주경기장,20:00,50728
9,2023-06-18,브루노마스 내한공연,올림픽주경기장,20:00,51144
10,2023-06-24,SUGA│Agust D TOUR ‘D-DAY’ in SEOUL,잠실실내체육관,19:00,7477
11,2023-06-25,SUGA│Agust D TOUR ‘D-DAY’ in SEOUL,잠실실내체육관,17:00,7453
12,2023-06-30,싸이흠뻑쇼 SUMMERSWAG2023 - 서울,올림픽주경기장,18:42,34431
13,2023-07-01,싸이흠뻑쇼 SUMMERSWAG2023 - 서울,올림픽주경기장,18:42,35041
14,2023-07-02,싸이흠뻑쇼 SUMMERSWAG2023 - 서울,올림픽주경기장,18:42,35056
15,2023-08-12,2023 르세라핌 콘서트,잠실실내체육관,18:00,5265
16,2023-08-13,2023 르세라핌 콘서트,잠실실내체육관,17:00,5320
17,2023-09-09,2PM 데뷰 15주년 콘서트,잠실실내체육관,18:00,5115
18,2023-09-10,2PM 데뷰 15주년 콘서트,잠실실내체육관,17:00,5128
19,2023-10-07,2023 아이브 콘서트,잠실실내체육관,18:00,5537
20,2023-10-08,2024 아이브 콘서트,잠실실내체육관,17:00,5540
21,2023-11-27,노엘 갤러거 내한공연,잠실실내체육관,20:00,8258
22,2023-11-28,노엘 갤러거 내한공연,잠실실내체육관,20:00,8367
23,2023-12-16,2023 엠씨더맥스 이수 콘서트,잠실실내체육관,19:00,3595
24,2023-12-17,2023 엠씨더맥스 이수 콘서트,잠실실내체육관,18:00,2818
25,2023-12-23,크러쉬 콘서트 2023,잠실실내체육관,19:00,6957
26,2023-12-24,크러쉬 콘서트 2023,잠실실내체육관,19:00,6808
27,2023-12-25,크러쉬 콘서트 2023,잠실실내체육관,19:00,6035
28,2023-12-29,2023 김준수 솔로 콘서트,잠실실내체육관,20:00,4817
29,2023-12-30,2024 김준수 솔로 콘서트,잠실실내체육관,19:00,4940
30,2023-12-31,2025 김준수 솔로 콘서트,잠실실내체육관,18:00,5082
