연번,수송일자,호선,고유역번호(외부역코드),역명,승하차구분,5:00,6:00,7:00,8:00,9:00,10:00,11:00,12:00,13:00,14:00,15:00,16:00,17:00,18:00,19:00,20:00,21:00,22:00,23:00,0:00
1,2022-01-01,2,218,종합운동장,승차,37,72,60,82,120,127,142,141,201,230,217,242,170,185,124,97,937,359,35,0
2,2022-01-01,2,218,종합운동장,하차,20,77,61,104,104,111,143,139,173,210,202,233,490,839,155,143,242,140,68,0
3,2022-01-02,2,218,종합운동장,승차,25,57,64,148,181,232,192,282,327,326,242,300,198,202,143,114,835,389,27,0
4,2022-01-02,2,218,종합운동장,하차,38,117,81,164,224,225,208,209,263,269,269,323,497,902,227,205,268,151,68,0
5,2022-01-03,2,218,종합운동장,승차,54,218,657,866,607,356,291,277,329,372,306,387,467,702,310,199,552,95,39,0
6,2022-01-03,2,218,종합운동장,하차,41,197,381,754,487,314,247,285,295,340,371,339,605,1134,624,360,435,251,73,0
7,2022-01-04,2,218,종합운동장,승차,41,202,606,894,628,392,294,309,331,381,350,360,521,686,304,177,297,102,40,0
8,2022-01-04,2,218,종합운동장,하차,52,195,361,763,451,311,218,291,283,296,338,321,546,1034,653,399,518,209,101,0
9,2022-01-05,2,218,종합운동장,승차,56,195,616,846,629,350,311,319,327,400,298,362,504,726,309,210,327,105,41,0
10,2022-01-05,2,218,종합운동장,하차,41,212,365,699,445,386,236,266,282,304,301,314,5+S10:X1165,1011,638,342,515,272,110,0
11,2022-01-06,2,218,종합운동장,승차,45,193,638,854,664,415,325,318,335,485,340,429,522,702,302,184,310,114,36,0
12,2022-01-06,2,218,종합운동장,하차,51,202,380,715,505,291,218,294,339,300,334,390,590,965,692,362,554,317,123,0
13,2022-01-07,2,218,종합운동장,승차,45,195,580,846,642,396,300,376,338,448,382,440,566,720,337,362,489,116,69,0
14,2022-01-07,2,218,종합운동장,하차,41,205,356,681,440,315,226,308,318,358,397,417,705,1274,743,386,579,236,131,0
15,2022-01-08,2,218,종합운동장,승차,30,99,123,212,291,270,313,357,377,428,380,849,495,262,191,191,144,72,37,0
16,2022-01-08,2,218,종합운동장,하차,41,191,179,277,277,246,247,312,427,849,363,388,363,340,276,230,303,214,84,0
17,2022-01-09,2,218,종합운동장,승차,47,57,58,142,196,217,218,306,307,399,283,674,463,212,163,127,152,69,28,0
18,2022-01-09,2,218,종합운동장,하차,29,186,78,286,215,258,198,289,452,693,259,262,314,258,223,219,280,135,81,0
19,2022-01-10,2,218,종합운동장,승차,55,198,605,928,628,371,311,285,368,400,349,404,528,693,298,243,244,87,35,0
20,2022-01-10,2,218,종합운동장,하차,47,233,367,788,508,343,260,269,324,343,302,359,566,1063,689,382,491,268,92,0
21,2022-01-11,2,218,종합운동장,승차,61,198,620,874,650,377,319,314,323,383,365,446,476,699,355,530,553,127,62,0
22,2022-01-11,2,218,종합운동장,하차,43,214,375,796,469,306,239,291,280,335,352,373,664,1339,775,405,527,283,104,0
23,2022-01-12,2,218,종합운동장,승차,43,185,589,848,596,355,310,341,342,421,344,433,507,662,336,248,449,111,45,0
24,2022-01-12,2,218,종합운동장,하차,43,202,372,716,458,302,276,313,260,328,340,376,615,1046,754,411,507,301,103,0
25,2022-01-13,2,218,종합운동장,승차,51,197,579,861,604,395,315,297,301,345,361,419,489,695,305,219,249,103,57,0
26,2022-01-13,2,218,종합운동장,하차,32,203,328,764,486,304,218,301,275,322,329,373,578,975,647,370,604,279,103,0
27,2022-01-14,2,218,종합운동장,승차,52,190,560,847,630,391,342,340,367,448,421,479,604,714,333,207,242,112,42,0
28,2022-01-14,2,218,종합운동장,하차,50,195,327,701,427,318,238,311,320,375,385,432,614,979,730,376,587,257,127,0
29,2022-01-15,2,218,종합운동장,승차,33,87,130,227,273,288,309,360,404,482,357,394,325,270,189,148,160,91,35,0
30,2022-01-15,2,218,종합운동장,하차,28,192,143,255,268,182,210,293,326,358,348,345,411,362,248,235,348,210,93,0
31,2022-01-16,2,218,종합운동장,승차,33,60,65,164,219,247,262,344,330,347,262,361,274,214,195,118,120,56,26,0
32,2022-01-16,2,218,종합운동장,하차,39,169,109,207,240,260,176,222,217,289,246,306,287,304,252,213,267,142,65,0
33,2022-01-17,2,218,종합운동장,승차,61,192,601,905,625,360,322,336,315,357,343,419,439,652,296,223,241,80,49,0
34,2022-01-17,2,218,종합운동장,하차,38,207,350,851,535,312,239,310,318,340,316,388,518,985,664,388,543,219,90,0
35,2022-01-18,2,218,종합운동장,승차,47,184,613,885,647,402,348,355,332,431,359,381,490,727,300,256,258,118,44,0
36,2022-01-18,2,218,종합운동장,하차,47,237,359,790,448,370,233,284,333,304,370,355,565,1032,671,411,562,274,97,0
37,2022-01-19,2,218,종합운동장,승차,53,202,594,856,620,414,335,334,334,494,499,440,545,692,288,214,299,99,49,0
38,2022-01-19,2,218,종합운동장,하차,35,189,368,777,539,406,250,293,299,352,334,365,573,1031,700,370,628,306,128,0
39,2022-01-20,2,218,종합운동장,승차,59,190,609,884,636,433,321,333,330,525,360,433,528,725,324,285,252,108,51,0
40,2022-01-20,2,218,종합운동장,하차,42,203,333,777,476,294,240,309,293,347,344,401,567,986,703,432,605,343,112,0
41,2022-01-21,2,218,종합운동장,승차,64,166,621,813,664,368,313,349,371,457,413,454,588,743,340,289,267,122,41,0
42,2022-01-21,2,218,종합운동장,하차,50,215,349,726,478,302,216,294,334,381,354,396,607,1044,813,456,587,271,138,0
43,2022-01-22,2,218,종합운동장,승차,30,96,123,222,298,298,285,386,388,433,382,460,352,1345,362,190,184,95,49,0
44,2022-01-22,2,218,종합운동장,하차,41,205,201,237,270,237,238,317,408,481,835,1129,442,368,300,272,408,204,67,0
45,2022-01-23,2,218,종합운동장,승차,34,50,71,146,186,230,278,343,317,367,370,286,300,257,204,164,125,77,30,0
46,2022-01-23,2,218,종합운동장,하차,27,138,92,240,266,223,157,215,246,302,283,300,302,285,244,227,301,156,62,0
47,2022-01-24,2,218,종합운동장,승차,61,193,607,905,642,392,327,328,346,357,341,438,592,799,414,654,578,125,46,0
48,2022-01-24,2,218,종합운동장,하차,54,230,382,778,570,369,247,307,363,372,383,492,736,1456,727,417,551,223,99,0
49,2022-01-25,2,218,종합운동장,승차,48,189,631,902,644,409,354,328,354,421,412,404,628,767,482,331,341,117,64,0
50,2022-01-25,2,218,종합운동장,하차,39,207,359,773,471,308,245,293,354,371,364,406,636,1099,784,420,575,259,119,0
51,2022-01-26,2,218,종합운동장,승차,52,202,599,845,664,425,344,374,379,459,402,466,597,768,499,349,323,126,35,0
52,2022-01-26,2,218,종합운동장,하차,49,239,398,742,508,393,250,357,349,294,383,442,620,1183,762,397,586,270,123,0
53,2022-01-27,2,218,종합운동장,승차,47,196,626,865,600,423,312,368,446,457,400,508,624,830,494,752,460,119,43,0
54,2022-01-27,2,218,종합운동장,하차,37,250,327,743,492,335,254,447,446,488,532,585,686,1150,680,456,621,280,117,0
55,2022-01-28,2,218,종합운동장,승차,57,169,565,839,556,377,321,341,403,550,478,616,628,595,394,295,228,100,47,0
56,2022-01-28,2,218,종합운동장,하차,43,184,331,668,407,262,253,371,387,454,513,565,830,991,638,322,495,264,115,0
57,2022-01-29,2,218,종합운동장,승차,42,98,105,200,246,304,273,270,352,354,343,305,279,293,172,133,119,76,34,0
58,2022-01-29,2,218,종합운동장,하차,22,141,99,244,220,184,184,229,315,324,303,304,334,286,259,228,315,149,74,0
59,2022-01-30,2,218,종합운동장,승차,31,47,54,136,174,221,183,256,319,356,302,314,214,926,352,142,91,49,26,0
60,2022-01-30,2,218,종합운동장,하차,34,125,95,141,207,222,159,238,276,353,514,903,261,230,179,168,224,122,62,0
61,2022-01-31,2,218,종합운동장,승차,31,61,43,67,117,118,123,164,169,204,159,168,200,146,134,90,95,43,24,0
62,2022-01-31,2,218,종합운동장,하차,24,71,44,91,110,86,78,121,132,176,161,207,191,186,137,147,146,95,43,0
63,2022-02-01,2,218,종합운동장,승차,27,58,64,67,79,79,98,111,176,140,151,153,180,170,100,98,60,48,21,0
64,2022-02-01,2,218,종합운동장,하차,22,52,33,82,73,91,82,126,137,171,209,171,201,142,138,114,119,94,40,0
65,2022-02-02,2,218,종합운동장,승차,32,48,47,104,127,139,146,212,262,363,290,295,292,287,291,239,152,69,27,0
66,2022-02-02,2,218,종합운동장,하차,26,83,47,105,105,102,117,197,266,324,267,380,368,292,211,186,260,128,57,0
67,2022-02-03,2,218,종합운동장,승차,46,187,560,799,525,360,332,299,303,359,374,422,441,655,327,250,264,98,44,0
68,2022-02-03,2,218,종합운동장,하차,49,210,275,684,496,290,249,281,271,346,322,416,585,947,651,353,418,215,104,0
69,2022-02-04,2,218,종합운동장,승차,51,175,548,780,538,334,295,312,305,446,428,529,505,682,347,210,192,87,38,0
70,2022-02-04,2,218,종합운동장,하차,44,256,299,749,371,290,216,320,338,387,362,415,594,958,666,314,499,237,97,0
71,2022-02-05,2,218,종합운동장,승차,26,82,111,190,284,230,277,330,379,425,348,364,340,273,268,166,142,66,32,0
72,2022-02-05,2,218,종합운동장,하차,33,177,186,273,259,201,165,269,328,393,336,339,377,286,253,200,349,168,90,0
73,2022-02-06,2,218,종합운동장,승차,28,68,50,129,188,208,191,308,398,475,392,530,1328,274,217,161,99,49,25,0
74,2022-02-06,2,218,종합운동장,하차,24,135,77,177,249,270,233,447,578,1266,299,324,356,223,207,188,242,110,68,0
75,2022-02-07,2,218,종합운동장,승차,52,204,631,810,619,357,310,409,299,422,364,460,517,663,312,225,196,73,39,0
76,2022-02-07,2,218,종합운동장,하차,46,235,491,884,478,283,240,322,276,360,321,412,558,972,616,348,418,201,92,0
77,2022-02-08,2,218,종합운동장,승차,53,214,552,827,617,360,340,423,307,381,336,482,550,698,367,210,252,94,43,0
78,2022-02-08,2,218,종합운동장,하차,41,208,433,923,429,311,225,320,273,322,341,418,565,997,675,378,473,213,110,0
79,2022-02-09,2,218,종합운동장,승차,48,196,583,838,611,388,354,396,278,437,356,449,546,679,340,300,417,110,47,0
80,2022-02-09,2,218,종합운동장,하차,41,226,412,999,467,342,207,356,333,349,316,397,655,1103,647,355,534,248,108,0
81,2022-02-10,2,218,종합운동장,승차,57,177,581,837,666,359,332,340,329,445,385,476,513,691,339,193,276,105,58,0
82,2022-02-10,2,218,종합운동장,하차,39,197,400,852,505,284,238,335,309,322,317,378,579,911,636,364,521,268,114,0
83,2022-02-11,2,218,종합운동장,승차,45,176,551,774,597,325,293,369,361,462,429,485,635,692,344,278,280,109,47,0
84,2022-02-11,2,218,종합운동장,하차,50,231,370,736,469,291,253,328,332,373,371,466,600,1007,677,390,514,269,100,0
85,2022-02-12,2,218,종합운동장,승차,39,89,119,198,287,284,305,329,409,457,397,433,328,292,354,217,216,96,36,0
86,2022-02-12,2,218,종합운동장,하차,32,188,188,283,261,234,235,340,318,402,434,498,417,281,267,212,360,194,80,0
87,2022-02-13,2,218,종합운동장,승차,28,67,60,142,200,239,248,297,388,459,318,344,301,383,299,123,174,83,28,0
88,2022-02-13,2,218,종합운동장,하차,27,171,82,199,210,219,208,299,302,337,348,501,371,267,250,206,263,125,75,0
89,2022-02-14,2,218,종합운동장,승차,62,193,583,842,589,386,294,306,330,393,468,411,431,653,334,191,222,88,47,0
90,2022-02-14,2,218,종합운동장,하차,38,237,333,723,483,306,244,358,285,339,334,416,554,1038,627,378,408,200,93,0
91,2022-02-15,2,218,종합운동장,승차,59,194,579,844,594,333,323,340,328,382,325,396,482,649,330,222,430,109,33,0
92,2022-02-15,2,218,종합운동장,하차,60,213,346,814,461,307,254,250,291,333,334,388,578,1093,647,360,479,238,84,0
93,2022-02-16,2,218,종합운동장,승차,70,178,557,804,524,360,272,285,307,422,354,359,485,664,341,234,215,93,40,0
94,2022-02-16,2,218,종합운동장,하차,35,195,315,727,433,282,204,280,324,289,290,387,474,962,651,348,451,215,99,0
95,2022-02-17,2,218,종합운동장,승차,57,174,558,757,543,341,283,304,300,427,291,383,470,666,339,214,243,93,42,0
96,2022-02-17,2,218,종합운동장,하차,50,182,319,699,369,288,198,288,275,305,307,334,528,915,636,363,466,225,124,0
97,2022-02-18,2,218,종합운동장,승차,58,165,517,754,545,351,265,262,284,429,391,402,504,662,372,200,239,106,46,0
98,2022-02-18,2,218,종합운동장,하차,44,197,298,646,408,271,224,303,282,339,341,389,556,885,658,321,452,240,110,0
99,2022-02-19,2,218,종합운동장,승차,43,84,116,203,276,253,299,310,407,410,374,393,353,297,155,125,113,83,38,0
100,2022-02-19,2,218,종합운동장,하차,46,169,159,270,210,223,203,361,346,379,338,350,370,325,239,205,237,246,89,0
101,2022-02-20,2,218,종합운동장,승차,34,54,59,131,160,241,207,316,346,390,293,345,245,223,187,121,87,54,31,0
102,2022-02-20,2,218,종합운동장,하차,24,122,72,179,214,236,157,251,289,278,278,286,296,270,189,152,164,170,72,0
103,2022-02-21,2,218,종합운동장,승차,58,178,605,772,537,333,246,286,318,556,362,391,473,702,373,219,171,101,39,0
104,2022-02-21,2,218,종합운동장,하차,42,218,387,676,456,304,215,281,275,278,309,348,531,972,606,337,329,255,107,0
105,2022-02-22,2,218,종합운동장,승차,51,168,571,799,613,390,292,303,335,510,342,366,483,641,362,194,165,116,52,0
106,2022-02-22,2,218,종합운동장,하차,34,192,364,731,412,427,221,345,260,265,310,376,511,924,617,333,336,331,124,0
107,2022-02-23,2,218,종합운동장,승차,47,166,524,799,558,344,295,287,305,537,346,363,469,623,343,245,223,119,37,0
108,2022-02-23,2,218,종합운동장,하차,39,204,352,675,464,349,229,232,282,250,316,328,541,933,589,353,324,337,131,0
109,2022-02-24,2,218,종합운동장,승차,54,166,556,744,529,330,279,311,313,477,282,373,467,629,337,210,167,105,52,0
110,2022-02-24,2,218,종합운동장,하차,42,169,356,631,410,291,216,261,267,269,313,340,486,891,586,322,292,389,132,0
111,2022-02-25,2,218,종합운동장,승차,35,149,523,751,556,326,320,322,347,560,376,442,523,633,334,237,195,210,54,0
112,2022-02-25,2,218,종합운동장,하차,35,187,360,633,366,311,231,317,331,297,358,392,566,928,593,304,306,829,146,0
113,2022-02-26,2,218,종합운동장,승차,35,86,110,210,262,264,258,277,461,493,374,407,371,267,165,110,92,89,44,0
114,2022-02-26,2,218,종합운동장,하차,20,176,171,242,235,230,219,366,355,315,411,375,358,315,244,203,214,239,106,0
115,2022-02-27,2,218,종합운동장,승차,23,56,53,164,176,214,258,298,408,589,364,349,252,265,185,199,112,60,27,0
116,2022-02-27,2,218,종합운동장,하차,30,159,102,184,214,248,232,319,304,275,286,280,295,282,204,164,174,178,75,0
117,2022-02-28,2,218,종합운동장,승차,52,169,489,682,482,354,308,281,282,459,346,343,471,559,369,201,203,133,56,0
118,2022-02-28,2,218,종합운동장,하차,30,227,310,596,332,318,250,288,286,291,348,372,518,790,545,317,290,325,133,0
119,2022-03-01,2,218,종합운동장,승차,29,73,65,112,178,208,190,193,256,403,290,293,295,203,180,117,88,83,27,0
120,2022-03-01,2,218,종합운동장,하차,33,132,91,124,156,179,121,194,220,263,247,306,297,214,246,191,182,197,92,0
121,2022-03-02,2,218,종합운동장,승차,77,219,583,833,643,432,301,363,295,362,350,461,482,669,347,209,699,180,43,0
122,2022-03-02,2,218,종합운동장,하차,34,420,548,949,365,379,219,362,299,265,323,402,655,1246,662,341,292,334,118,0
123,2022-03-03,2,218,종합운동장,승차,43,184,599,795,513,343,288,470,366,338,322,433,515,682,338,460,208,131,44,0
124,2022-03-03,2,218,종합운동장,하차,43,235,610,859,389,236,190,274,290,264,298,401,529,962,620,337,282,389,120,0
125,2022-03-04,2,218,종합운동장,승차,56,164,597,780,512,310,281,430,445,339,352,492,543,666,307,207,200,155,74,0
126,2022-03-04,2,218,종합운동장,하차,38,227,568,833,364,289,237,287,332,320,403,393,542,866,561,306,280,401,180,0
127,2022-03-05,2,218,종합운동장,승차,35,82,106,240,299,245,285,284,384,410,366,645,587,289,209,150,109,102,44,0
128,2022-03-05,2,218,종합운동장,하차,33,169,184,241,266,245,209,391,459,670,422,357,391,280,254,217,208,200,200,0
129,2022-03-06,2,218,종합운동장,승차,24,59,72,157,203,216,195,260,395,406,320,347,457,286,199,115,101,60,54,0
130,2022-03-06,2,218,종합운동장,하차,20,102,101,184,161,243,171,345,335,416,249,280,285,312,216,179,168,148,117,0
131,2022-03-07,2,218,종합운동장,승차,56,203,607,812,560,329,264,324,395,465,318,459,526,660,332,239,199,210,83,0
132,2022-03-07,2,218,종합운동장,하차,38,281,657,1075,407,298,207,289,358,307,320,366,517,902,606,316,261,277,162,0
133,2022-03-08,2,218,종합운동장,승차,49,177,583,845,542,364,284,355,402,410,330,462,610,689,382,425,419,176,65,0
134,2022-03-08,2,218,종합운동장,하차,33,245,624,897,453,345,199,302,294,290,354,385,628,1032,608,357,279,323,228,0
135,2022-03-09,2,218,종합운동장,승차,29,62,105,173,214,226,214,257,316,347,354,391,376,244,243,421,440,124,46,0
136,2022-03-09,2,218,종합운동장,하차,33,91,96,155,226,194,168,342,309,327,348,402,446,625,249,221,211,171,131,0
137,2022-03-10,2,218,종합운동장,승차,54,183,610,840,543,374,427,562,799,617,655,760,878,819,587,380,2978,6835,128,0
138,2022-03-10,2,218,종합운동장,하차,34,222,659,1075,473,632,611,976,1334,1897,2267,2721,3629,1981,775,474,448,524,174,0
139,2022-03-11,2,218,종합운동장,승차,45,185,585,768,517,333,305,328,483,417,369,506,620,727,356,576,437,135,79,0
140,2022-03-11,2,218,종합운동장,하차,39,224,560,811,338,269,251,315,340,346,420,489,765,1266,658,364,291,279,252,0
141,2022-03-12,2,218,종합운동장,승차,37,70,116,226,269,345,566,680,836,870,979,1141,840,509,658,5042,5394,148,87,0
142,2022-03-12,2,218,종합운동장,하차,24,149,127,408,377,557,989,1553,2031,2333,2805,3695,1776,618,547,655,455,190,186,0
143,2022-03-13,2,218,종합운동장,승차,17,52,64,132,161,232,452,622,733,697,891,1091,512,384,461,2947,6789,274,53,0
144,2022-03-13,2,218,종합운동장,하차,26,84,68,311,290,511,891,1473,2153,2113,2474,3580,1523,544,368,413,427,145,108,0
145,2022-03-14,2,218,종합운동장,승차,81,223,612,809,529,361,272,276,304,262,407,523,476,623,311,157,147,119,45,0
146,2022-03-14,2,218,종합운동장,하차,34,227,607,964,396,244,227,294,290,270,337,326,541,858,558,309,263,264,169,0
147,2022-03-15,2,218,종합운동장,승차,44,198,604,784,536,323,287,266,258,277,480,512,506,612,334,324,342,130,44,0
148,2022-03-15,2,218,종합운동장,하차,37,207,549,878,381,285,186,285,240,250,333,360,568,1048,628,345,279,293,189,0
149,2022-03-16,2,218,종합운동장,승차,49,180,620,764,534,351,294,305,244,289,522,395,510,684,311,231,197,144,57,0
150,2022-03-16,2,218,종합운동장,하차,29,262,568,844,361,276,221,283,248,258,309,327,532,865,566,306,315,280,194,0
151,2022-03-17,2,218,종합운동장,승차,50,176,606,820,537,323,299,291,284,252,450,488,506,599,290,196,183,103,55,0
152,2022-03-17,2,218,종합운동장,하차,37,216,586,805,367,252,242,277,241,260,307,372,529,817,598,304,292,289,215,0
153,2022-03-18,2,218,종합운동장,승차,49,177,558,719,478,312,259,242,279,384,334,555,548,597,301,188,150,127,86,0
154,2022-03-18,2,218,종합운동장,하차,33,236,458,818,332,231,199,243,270,259,323,343,524,816,540,291,271,296,268,0
155,2022-03-19,2,218,종합운동장,승차,32,78,105,177,228,230,246,301,319,248,287,347,275,242,650,238,104,88,56,0
156,2022-03-19,2,218,종합운동장,하차,25,118,111,217,204,161,171,271,275,292,326,483,673,303,232,193,192,219,200,0
157,2022-03-20,2,218,종합운동장,승차,24,55,62,130,160,214,213,269,341,267,270,240,246,182,166,114,96,52,42,0
158,2022-03-20,2,218,종합운동장,하차,22,111,62,203,177,198,155,236,234,236,218,273,296,311,228,186,175,152,133,0
159,2022-03-21,2,218,종합운동장,승차,46,194,646,791,542,322,252,263,313,366,292,456,511,556,275,177,178,107,45,0
160,2022-03-21,2,218,종합운동장,하차,35,263,546,1020,374,256,191,283,281,267,319,370,467,869,569,311,277,241,158,0
161,2022-03-22,2,218,종합운동장,승차,55,193,621,820,588,325,266,300,265,264,392,515,532,647,344,176,184,144,72,0
162,2022-03-22,2,218,종합운동장,하차,29,252,547,909,344,290,180,260,251,288,317,413,542,837,622,352,280,302,200,0
163,2022-03-23,2,218,종합운동장,승차,41,190,631,781,548,353,264,282,274,281,466,418,453,617,259,174,185,143,53,0
164,2022-03-23,2,218,종합운동장,하차,42,250,532,879,371,259,206,299,279,258,266,314,479,887,555,326,285,287,201,0
165,2022-03-24,2,218,종합운동장,승차,54,196,587,813,518,322,271,266,260,288,398,480,535,719,321,187,367,160,69,0
166,2022-03-24,2,218,종합운동장,하차,32,244,529,859,389,253,176,245,237,259,332,382,582,1016,615,323,321,298,282,0
167,2022-03-25,2,218,종합운동장,승차,46,182,569,773,517,360,280,330,304,386,409,693,621,689,324,219,795,3122,98,0
168,2022-03-25,2,218,종합운동장,하차,36,209,514,869,463,262,240,349,452,641,1188,1636,1144,836,608,360,360,399,377,0
169,2022-03-26,2,218,종합운동장,승차,36,77,113,176,244,249,297,348,331,408,388,469,474,305,238,676,557,3108,76,0
170,2022-03-26,2,218,종합운동장,하차,11,118,160,237,324,265,248,398,556,840,1118,1815,1326,325,249,257,265,319,218,0
171,2022-03-27,2,218,종합운동장,승차,24,66,79,157,212,232,281,326,421,374,685,525,300,214,194,152,3223,349,58,0
172,2022-03-27,2,218,종합운동장,하차,26,127,111,238,332,274,293,630,681,921,1641,1181,338,326,244,229,327,162,126,0
173,2022-03-28,2,218,종합운동장,승차,63,203,640,815,554,324,241,285,300,365,359,553,522,685,300,180,197,99,71,0
174,2022-03-28,2,218,종합운동장,하차,28,239,551,1167,367,262,229,314,280,271,280,345,538,925,563,312,262,297,186,0
175,2022-03-29,2,218,종합운동장,승차,36,204,615,817,574,347,287,328,291,293,439,531,586,697,307,201,256,158,54,0
176,2022-03-29,2,218,종합운동장,하차,35,217,578,1089,444,330,229,308,286,278,358,369,529,926,583,318,313,338,208,0
177,2022-03-30,2,218,종합운동장,승차,54,206,633,789,545,354,276,299,286,265,473,420,487,645,269,188,215,125,81,0
178,2022-03-30,2,218,종합운동장,하차,31,203,591,1035,408,266,229,294,305,266,314,336,454,954,492,319,287,310,264,0
179,2022-03-31,2,218,종합운동장,승차,50,214,616,807,539,339,278,299,282,321,472,468,571,637,296,189,196,144,84,0
180,2022-03-31,2,218,종합운동장,하차,34,205,542,894,350,262,237,297,261,303,343,370,533,836,561,337,312,353,265,0
181,2022-04-01,2,218,종합운동장,승차,49,215,613,796,515,341,308,288,288,419,329,623,554,638,322,214,190,125,105,0
182,2022-04-01,2,218,종합운동장,하차,36,225,509,851,361,269,228,307,307,310,367,410,632,819,528,329,321,336,324,0
183,2022-04-02,2,218,종합운동장,승차,35,102,151,218,323,272,408,465,479,423,513,699,7704,996,349,160,170,1065,80,0
184,2022-04-02,2,218,종합운동장,하차,24,194,250,395,427,501,766,3113,5665,1133,487,512,943,648,275,266,216,227,265,0
185,2022-04-03,2,218,종합운동장,승차,35,74,63,165,211,270,338,368,354,363,418,3388,2763,1136,213,179,1146,108,62,0
186,2022-04-03,2,218,종합운동장,하차,22,140,115,303,405,563,811,1879,3428,1146,1084,782,621,320,235,220,209,190,127,0
187,2022-04-04,2,218,종합운동장,승차,62,218,664,858,590,357,281,311,371,339,411,526,530,613,322,289,284,106,44,0
188,2022-04-04,2,218,종합운동장,하차,39,233,592,1184,398,316,250,293,303,326,382,425,582,998,624,315,295,287,182,0
189,2022-04-05,2,218,종합운동장,승차,56,215,675,839,616,389,323,309,353,316,346,679,551,646,324,335,514,2300,122,0
190,2022-04-05,2,218,종합운동장,하차,34,212,555,1143,451,366,237,394,307,379,428,618,1485,2143,725,358,354,324,230,0
191,2022-04-06,2,218,종합운동장,승차,65,202,653,834,607,364,344,374,416,330,421,552,617,668,398,400,2244,320,71,0
192,2022-04-06,2,218,종합운동장,하차,38,271,630,1189,437,313,273,324,279,349,517,545,1374,2125,760,347,311,359,234,0
193,2022-04-07,2,218,종합운동장,승차,52,198,640,835,590,376,304,313,299,271,350,693,590,673,355,332,516,2047,148,0
194,2022-04-07,2,218,종합운동장,하차,32,214,555,976,429,277,230,309,319,297,438,550,1337,2139,791,392,380,368,242,0
195,2022-04-08,2,218,종합운동장,승차,54,206,651,814,573,377,325,324,355,340,548,683,755,757,369,642,3662,455,92,0
196,2022-04-08,2,218,종합운동장,하차,37,261,554,1056,475,334,293,324,372,448,564,916,2645,3003,913,378,354,338,305,0
197,2022-04-09,2,218,종합운동장,승차,39,111,147,243,333,327,472,414,474,482,537,491,499,518,809,4583,1834,840,114,0
198,2022-04-09,2,218,종합운동장,하차,15,161,229,302,313,316,298,427,640,897,2058,4134,2143,1120,360,367,291,260,220,0
199,2022-04-10,2,218,종합운동장,승차,30,76,101,186,243,322,377,459,389,354,359,581,3857,516,225,154,138,112,50,0
200,2022-04-10,2,218,종합운동장,하차,24,161,153,261,339,445,401,1304,3048,894,395,347,370,361,253,235,235,166,123,0
201,2022-04-11,2,218,종합운동장,승차,60,238,683,881,620,362,347,309,262,301,466,464,578,670,286,203,175,114,82,0
202,2022-04-11,2,218,종합운동장,하차,32,243,585,1136,421,306,244,298,285,291,375,408,575,876,633,336,314,292,262,0
203,2022-04-12,2,218,종합운동장,승차,45,230,653,908,660,376,347,331,275,276,299,622,596,709,332,593,2435,165,66,0
204,2022-04-12,2,218,종합운동장,하차,40,228,594,1167,466,362,231,291,329,325,486,547,1611,2098,839,395,370,299,256,0
205,2022-04-13,2,218,종합운동장,승차,50,294,650,936,614,409,282,316,278,270,506,523,543,676,303,349,391,1807,92,0
206,2022-04-13,2,218,종합운동장,하차,30,301,572,1126,439,303,222,328,309,339,486,488,1192,1974,694,354,348,394,220,0
207,2022-04-14,2,218,종합운동장,승차,43,219,652,904,604,400,293,313,310,311,312,729,588,694,335,361,2716,341,88,0
208,2022-04-14,2,218,종합운동장,하차,33,204,577,1027,425,323,200,316,254,332,507,564,1598,2435,838,345,385,385,251,0
209,2022-04-15,2,218,종합운동장,승차,67,208,635,856,577,397,332,350,325,306,522,587,650,691,396,370,2206,305,97,0
210,2022-04-15,2,218,종합운동장,하차,27,233,563,980,431,320,285,341,367,365,537,630,1429,1923,720,409,377,346,293,0
211,2022-04-16,2,218,종합운동장,승차,41,98,134,296,304,328,401,414,504,505,369,407,475,438,789,3663,323,139,61,0
212,2022-04-16,2,218,종합운동장,하차,27,238,243,270,304,277,316,481,577,595,1298,2892,945,393,295,311,254,229,220,0
213,2022-04-17,2,218,종합운동장,승차,44,69,124,226,234,407,307,499,433,360,388,488,2498,1088,281,136,125,88,44,0
214,2022-04-17,2,218,종합운동장,하차,15,171,196,431,406,613,394,1027,2377,706,283,333,327,370,223,210,209,179,122,0
215,2022-04-18,2,218,종합운동장,승차,58,218,712,928,607,362,285,313,261,265,577,441,524,660,313,180,178,130,57,0
216,2022-04-18,2,218,종합운동장,하차,41,290,583,1193,461,298,216,303,263,296,350,362,534,869,658,317,320,324,166,0
217,2022-04-19,2,218,종합운동장,승차,59,223,746,921,643,391,365,340,313,291,306,680,561,707,391,442,1767,265,68,0
218,2022-04-19,2,218,종합운동장,하차,29,250,622,1223,494,362,285,316,283,320,445,564,1316,1779,826,370,365,333,195,0
219,2022-04-20,2,218,종합운동장,승차,56,232,704,942,626,415,324,345,344,304,401,656,589,782,414,987,2067,250,80,0
220,2022-04-20,2,218,종합운동장,하차,36,279,657,1215,441,330,261,360,371,341,555,596,1422,2504,1119,470,377,328,239,0
221,2022-04-21,2,218,종합운동장,승차,59,227,699,997,745,407,314,333,294,286,331,726,621,702,383,372,777,1241,113,0
222,2022-04-21,2,218,종합운동장,하차,35,236,569,1236,709,358,263,307,340,307,499,602,1260,1816,828,409,365,368,225,0
223,2022-04-22,2,218,종합운동장,승차,52,228,681,866,587,371,345,296,319,323,547,631,628,744,439,855,1297,3382,808,0
224,2022-04-22,2,218,종합운동장,하차,34,254,549,1018,458,328,259,384,361,442,563,820,2603,4190,1418,436,378,392,297,0
225,2022-04-23,2,218,종합운동장,승차,53,104,155,229,360,303,393,358,375,409,391,445,470,482,811,6840,610,187,62,0
226,2022-04-23,2,218,종합운동장,하차,22,216,362,398,293,274,270,406,519,765,2377,5589,1659,414,351,345,235,247,213,0
227,2022-04-24,2,218,종합운동장,승차,35,77,92,181,244,279,339,434,413,345,388,609,4433,761,379,1339,339,120,48,0
228,2022-04-24,2,218,종합운동장,하차,24,200,158,277,399,480,476,1469,3939,1119,943,883,344,316,273,243,214,180,139,0
229,2022-04-25,2,218,종합운동장,승차,69,237,725,912,702,430,426,314,316,256,354,393,539,646,333,178,221,147,59,0
230,2022-04-25,2,218,종합운동장,하차,33,252,598,1138,447,377,255,378,275,276,338,376,544,967,584,355,349,338,180,0
231,2022-04-26,2,218,종합운동장,승차,51,239,700,922,685,422,400,448,290,294,428,378,577,724,380,365,1470,855,105,0
232,2022-04-26,2,218,종합운동장,하차,39,254,550,1078,439,430,280,424,285,360,496,479,1422,1863,804,373,447,376,244,0
233,2022-04-27,2,218,종합운동장,승차,73,248,705,986,648,485,486,394,407,408,359,477,630,670,373,336,982,1349,113,0
234,2022-04-27,2,218,종합운동장,하차,33,247,612,1184,537,422,285,429,315,399,564,613,1332,1841,748,413,443,448,294,0
235,2022-04-28,2,218,종합운동장,승차,52,238,745,923,641,442,379,564,314,310,331,394,652,681,403,445,666,1951,105,0
236,2022-04-28,2,218,종합운동장,하차,43,263,598,1041,540,383,254,358,327,333,529,659,1513,2071,861,381,374,464,286,0
237,2022-04-29,2,218,종합운동장,승차,72,198,676,920,605,440,371,469,364,357,584,666,825,827,488,449,921,7113,1409,0
238,2022-04-29,2,218,종합운동장,하차,27,213,509,961,448,386,283,430,415,507,834,1259,4909,5482,1624,442,427,520,462,0
239,2022-04-30,2,218,종합운동장,승차,45,104,137,226,342,414,442,434,534,520,537,593,633,653,3852,5584,1797,1038,70,0
240,2022-04-30,2,218,종합운동장,하차,23,265,345,358,348,400,315,602,676,1242,3634,7601,1922,498,403,450,402,331,208,0
241,2022-05-01,2,218,종합운동장,승차,35,83,89,203,283,328,426,508,454,408,509,1846,6449,436,245,198,2458,189,57,0
242,2022-05-01,2,218,종합운동장,하차,26,188,159,387,382,565,708,2511,5662,1713,1365,1012,486,373,317,370,323,208,133,0
243,2022-05-02,2,218,종합운동장,승차,72,253,733,1018,649,423,349,326,304,366,542,511,595,735,372,838,1354,208,73,0
244,2022-05-02,2,218,종합운동장,하차,41,337,704,1224,520,333,275,348,339,352,429,448,992,2589,846,398,402,346,258,0
245,2022-05-03,2,218,종합운동장,승차,71,230,750,955,674,406,377,368,340,328,368,687,614,697,484,455,3893,1236,147,0
246,2022-05-03,2,218,종합운동장,하차,35,288,651,1233,518,386,273,350,340,381,540,804,2805,3402,1020,419,455,395,279,0
247,2022-05-04,2,218,종합운동장,승차,54,251,766,1003,641,418,387,372,362,360,503,701,720,856,512,1041,5100,2862,234,0
248,2022-05-04,2,218,종합운동장,하차,45,301,664,1263,484,389,297,383,391,423,647,1180,4066,6235,1655,528,517,498,371,0
249,2022-05-05,2,218,종합운동장,승차,45,97,138,195,314,291,353,441,496,386,460,1186,7883,1104,349,182,224,143,73,0
250,2022-05-05,2,218,종합운동장,하차,24,185,178,282,354,631,1137,4335,5741,860,429,366,485,281,244,254,251,242,165,0
251,2022-05-06,2,218,종합운동장,승차,53,185,585,776,598,369,365,411,384,387,594,1852,701,704,465,493,3771,1891,100,0
252,2022-05-06,2,218,종합운동장,하차,38,276,547,998,482,650,913,704,372,519,720,1069,3122,2715,802,372,447,413,296,0
253,2022-05-07,2,218,종합운동장,승차,51,114,119,220,335,297,359,366,395,385,472,420,434,389,566,1063,3742,311,116,0
254,2022-05-07,2,218,종합운동장,하차,24,209,291,407,349,274,259,387,545,642,1595,3361,942,395,315,252,312,224,196,0
255,2022-05-08,2,218,종합운동장,승차,35,71,84,204,271,299,367,408,383,378,1311,2206,2939,602,204,205,139,1422,57,0
256,2022-05-08,2,218,종합운동장,하차,30,254,129,304,423,870,1196,1423,3207,747,518,691,826,539,292,222,194,156,124,0
257,2022-05-09,2,218,종합운동장,승차,72,269,738,1009,646,394,347,364,270,322,457,549,607,665,356,235,234,153,85,0
258,2022-05-09,2,218,종합운동장,하차,35,314,687,1254,557,367,231,354,308,353,388,434,564,988,657,413,348,373,249,0
259,2022-05-10,2,218,종합운동장,승차,64,235,832,1027,704,412,355,319,329,302,341,725,666,773,464,920,3825,1222,126,0
260,2022-05-10,2,218,종합운동장,하차,41,321,782,1190,521,401,263,326,370,466,548,811,2406,4331,1235,400,442,405,268,0
261,2022-05-11,2,218,종합운동장,승차,81,247,798,990,690,416,407,341,332,302,436,724,700,801,398,391,901,3187,136,0
262,2022-05-11,2,218,종합운동장,하차,35,300,757,1318,550,436,267,335,334,431,565,791,2181,2972,998,375,430,427,313,0
263,2022-05-12,2,218,종합운동장,승차,60,241,748,1018,609,407,370,340,302,327,336,686,665,754,422,563,1283,2865,148,0
264,2022-05-12,2,218,종합운동장,하차,48,306,708,1084,491,384,252,317,327,351,560,630,2302,3137,1073,394,441,454,296,0
265,2022-05-13,2,218,종합운동장,승차,83,242,735,966,702,401,357,334,364,373,573,649,907,802,427,691,3170,6375,189,0
266,2022-05-13,2,218,종합운동장,하차,36,281,662,1051,529,400,293,353,455,529,634,1292,5347,5785,1382,457,449,487,437,0
267,2022-05-14,2,218,종합운동장,승차,56,112,153,265,384,364,437,449,453,488,474,457,681,705,4022,6079,411,237,73,0
268,2022-05-14,2,218,종합운동장,하차,36,307,471,374,342,320,326,566,674,1199,3701,7177,1472,563,355,383,317,292,218,0
269,2022-05-15,2,218,종합운동장,승차,46,77,104,205,293,378,419,510,505,423,430,959,8759,801,544,307,310,107,75,0
270,2022-05-15,2,218,종합운동장,하차,23,341,397,417,486,585,872,3612,6109,1198,432,387,528,413,324,313,244,206,141,0
271,2022-05-16,2,218,종합운동장,승차,56,245,814,988,671,422,337,341,304,303,482,534,582,725,342,205,225,138,69,0
272,2022-05-16,2,218,종합운동장,하차,37,312,749,1272,526,363,278,371,295,322,393,407,625,967,626,375,380,377,256,0
273,2022-05-17,2,218,종합운동장,승차,67,262,793,960,694,432,564,498,316,336,396,750,619,785,436,461,638,1273,1469,0
274,2022-05-17,2,218,종합운동장,하차,36,360,904,1564,571,417,242,342,280,370,579,734,1955,2477,852,445,426,416,294,0
275,2022-05-18,2,218,종합운동장,승차,59,256,747,954,679,437,332,339,299,356,527,650,720,805,405,329,575,1559,1443,0
276,2022-05-18,2,218,종합운동장,하차,43,334,761,1262,573,377,248,369,357,412,502,675,1954,2524,823,387,354,460,350,0
277,2022-05-19,2,218,종합운동장,승차,80,255,740,1008,676,449,348,792,347,333,365,738,708,786,498,459,2195,1721,100,0
278,2022-05-19,2,218,종합운동장,하차,42,329,1227,1242,548,336,278,332,324,385,589,697,2118,2668,906,397,405,468,282,0
279,2022-05-20,2,218,종합운동장,승차,64,229,718,968,581,410,373,332,341,359,635,765,908,897,561,583,7068,754,2122,0
280,2022-05-20,2,218,종합운동장,하차,41,347,737,1067,526,361,297,405,419,688,1021,1456,4821,6161,1903,428,569,442,493,0
281,2022-05-21,2,218,종합운동장,승차,56,102,159,253,397,464,495,488,550,545,725,2476,7448,1019,418,2809,337,187,83,0
282,2022-05-21,2,218,종합운동장,하차,34,361,442,510,502,619,799,3352,7501,2204,1373,1545,537,362,303,381,316,356,269,0
283,2022-05-22,2,218,종합운동장,승차,40,93,85,211,278,358,454,563,477,404,434,772,1797,6430,457,2249,1022,156,81,0
284,2022-05-22,2,218,종합운동장,하차,36,266,271,368,449,619,750,2602,6684,1596,1362,1185,435,444,312,311,242,190,151,0
285,2022-05-23,2,218,종합운동장,승차,79,267,781,995,684,389,354,967,293,487,416,575,626,748,354,279,222,136,62,0
286,2022-05-23,2,218,종합운동장,하차,38,336,1381,1393,490,354,262,373,324,333,399,442,639,954,592,388,366,374,217,0
287,2022-05-24,2,218,종합운동장,승차,65,241,792,952,651,422,372,331,335,311,521,592,620,803,451,402,1284,1747,103,0
288,2022-05-24,2,218,종합운동장,하차,36,319,791,1259,510,422,255,339,305,446,491,653,1732,2366,827,444,389,408,256,0
289,2022-05-25,2,218,종합운동장,승차,83,233,759,1077,634,413,351,334,313,315,573,681,754,872,460,897,2400,584,63,0
290,2022-05-25,2,218,종합운동장,하차,37,341,831,1226,604,444,296,381,341,394,526,734,1821,2580,848,454,413,431,315,0
291,2022-05-26,2,218,종합운동장,승차,75,236,784,1050,634,464,374,352,327,286,358,547,738,765,559,681,2050,731,129,0
292,2022-05-26,2,218,종합운동장,하차,51,354,797,1113,557,341,299,314,345,396,597,619,1752,2282,849,449,493,417,339,0
293,2022-05-27,2,218,종합운동장,승차,69,228,757,1043,729,411,432,376,328,367,494,701,838,828,559,525,4591,6641,464,0
294,2022-05-27,2,218,종합운동장,하차,35,289,677,973,514,383,348,404,437,547,692,1352,5421,7643,1287,491,478,531,485,0
295,2022-05-28,2,218,종합운동장,승차,44,137,164,252,334,308,499,481,567,528,536,620,609,683,3408,6873,1638,4236,1143,0
296,2022-05-28,2,218,종합운동장,하차,37,393,481,466,393,369,359,561,856,1417,4216,7521,3529,3373,436,423,341,389,286,0
297,2022-05-29,2,218,종합운동장,승차,64,76,127,230,290,385,400,489,475,475,468,717,5584,1548,1672,1228,382,2963,2029,0
298,2022-05-29,2,218,종합운동장,하차,23,193,190,313,432,565,689,2275,5176,1611,1620,1531,1912,2965,385,268,258,261,172,0
299,2022-05-30,2,218,종합운동장,승차,88,262,777,1010,668,390,293,305,310,279,457,550,570,715,324,220,206,139,75,0
300,2022-05-30,2,218,종합운동장,하차,55,321,648,1373,469,317,240,313,302,292,337,371,628,1027,601,361,330,378,229,0
301,2022-05-31,2,218,종합운동장,승차,89,248,764,1070,660,404,361,326,296,310,605,727,676,803,567,430,1785,7296,268,0
302,2022-05-31,2,218,종합운동장,하차,40,320,800,1389,531,392,303,342,334,412,610,1230,4725,5723,1380,472,402,518,377,0
303,2022-06-01,2,218,종합운동장,승차,54,83,135,208,273,324,334,315,355,310,345,336,392,409,720,9547,661,244,77,0
304,2022-06-01,2,218,종합운동장,하차,29,160,204,306,251,234,221,382,513,846,3567,6920,1119,443,290,419,266,269,140,10
305,2022-06-02,2,218,종합운동장,승차,76,255,687,991,662,386,322,329,297,307,605,725,664,799,433,410,2917,3046,95,10
306,2022-06-02,2,218,종합운동장,하차,41,352,730,1367,460,334,258,385,313,403,585,948,3058,3684,1050,429,407,422,239,40
307,2022-06-03,2,218,종합운동장,승차,68,233,716,903,612,421,369,355,298,307,553,642,971,796,443,545,3704,451,101,2
308,2022-06-03,2,218,종합운동장,하차,47,303,653,1341,476,336,261,337,345,460,531,887,2492,3049,1055,425,410,377,276,37
309,2022-06-04,2,218,종합운동장,승차,59,118,153,264,322,423,409,441,452,532,456,507,491,404,729,5505,650,206,82,4
310,2022-06-04,2,218,종합운동장,하차,20,334,360,554,398,387,288,520,536,755,2277,4522,1066,393,253,316,242,255,183,8
311,2022-06-05,2,218,종합운동장,승차,48,71,92,203,251,344,330,384,401,336,335,271,299,333,3470,1876,342,176,146,5
312,2022-06-05,2,218,종합운동장,하차,52,306,372,301,314,364,255,302,401,630,1647,3679,736,301,245,216,223,186,132,14
313,2022-06-06,2,218,종합운동장,승차,42,71,80,122,187,208,256,256,243,232,234,251,282,227,225,247,119,112,61,4
314,2022-06-06,2,218,종합운동장,하차,26,115,146,224,182,162,185,174,221,272,247,297,359,305,257,235,238,184,128,9
315,2022-06-07,2,218,종합운동장,승차,73,264,755,1058,660,408,369,353,309,317,380,1136,660,730,386,363,2411,402,84,29
316,2022-06-07,2,218,종합운동장,하차,43,301,928,1694,541,399,264,396,347,393,467,690,1644,2228,841,394,404,371,209,67
317,2022-06-08,2,218,종합운동장,승차,80,257,748,1034,651,419,351,348,330,340,468,672,585,796,444,411,2157,651,88,23
318,2022-06-08,2,218,종합운동장,하차,38,347,726,1359,559,393,287,380,335,409,494,650,1640,2317,864,370,416,416,190,73
319,2022-06-09,2,218,종합운동장,승차,60,237,780,969,689,399,389,337,308,302,465,586,763,694,435,448,1178,2158,242,31
320,2022-06-09,2,218,종합운동장,하차,44,381,768,1138,521,426,263,330,270,413,497,607,1879,2664,888,378,422,398,229,96
321,2022-06-10,2,218,종합운동장,승차,70,238,748,992,567,392,406,359,344,383,941,591,705,767,476,529,2542,2836,191,46
322,2022-06-10,2,218,종합운동장,하차,34,297,955,1132,468,349,302,360,386,447,524,871,3000,4118,1085,407,401,417,257,143
323,2022-06-11,2,218,종합운동장,승차,63,112,186,270,370,356,423,378,402,399,416,419,522,571,789,5785,1376,301,104,2
324,2022-06-11,2,218,종합운동장,하차,34,456,687,473,432,380,323,547,607,1003,2256,5520,1249,412,316,311,310,272,232,5
325,2022-06-12,2,218,종합운동장,승차,59,57,88,191,259,657,607,551,425,389,328,379,334,388,568,1300,4398,252,77,0
326,2022-06-12,2,218,종합운동장,하차,31,301,504,843,385,413,312,296,423,587,1680,3925,873,380,305,184,228,172,117,1
327,2022-06-13,2,218,종합운동장,승차,61,270,743,1022,636,430,366,311,287,277,506,479,551,732,340,197,234,141,49,29
328,2022-06-13,2,218,종합운동장,하차,34,344,702,1237,466,362,257,378,303,302,368,412,564,1010,597,350,391,312,158,61
329,2022-06-14,2,218,종합운동장,승차,82,242,743,1030,671,462,384,474,348,350,506,767,705,853,415,575,2752,296,76,25
330,2022-06-14,2,218,종합운동장,하차,39,307,754,1309,618,444,347,469,325,418,516,719,1796,2534,885,340,456,346,231,77
331,2022-06-15,2,218,종합운동장,승차,71,238,751,954,658,424,394,311,328,308,471,634,606,769,433,462,2714,487,72,28
332,2022-06-15,2,218,종합운동장,하차,44,315,683,1256,522,374,259,376,355,359,499,625,1791,2585,844,390,449,373,215,90
333,2022-06-16,2,218,종합운동장,승차,68,231,740,980,653,410,368,326,299,326,346,707,715,888,451,507,3845,462,112,38
334,2022-06-16,2,218,종합운동장,하차,36,320,740,1162,491,347,272,365,363,378,561,778,2338,3042,1002,433,447,423,274,103
335,2022-06-17,2,218,종합운동장,승차,70,236,704,911,619,401,356,367,332,354,559,648,884,1227,471,376,721,2126,190,42
336,2022-06-17,2,218,종합운동장,하차,36,278,665,1209,526,352,308,522,750,433,514,751,1865,2286,883,411,396,431,291,162
337,2022-06-18,2,218,종합운동장,승차,63,122,159,289,354,397,470,570,709,752,859,922,947,667,1190,4140,1435,19927,1217,4
338,2022-06-18,2,218,종합운동장,하차,34,379,471,477,478,588,610,1186,2099,3752,5379,10156,7899,1332,466,466,560,969,308,16
339,2022-06-19,2,218,종합운동장,승차,55,90,83,179,256,344,396,506,474,466,439,463,515,581,1273,2489,1866,8535,303,12
340,2022-06-19,2,218,종합운동장,하차,33,379,383,336,501,519,379,525,822,1520,3366,6211,2877,407,301,302,292,303,133,19
341,2022-06-20,2,218,종합운동장,승차,100,290,779,945,590,420,339,288,292,336,532,586,600,732,387,238,229,153,77,30
342,2022-06-20,2,218,종합운동장,하차,34,310,636,1236,502,340,286,399,328,329,334,442,598,990,663,359,400,381,169,64
343,2022-06-21,2,218,종합운동장,승차,55,248,736,976,656,402,349,344,310,319,408,741,704,785,482,428,1983,1685,126,30
344,2022-06-21,2,218,종합운동장,하차,37,340,719,1192,532,384,272,354,341,394,553,760,1905,2752,981,405,403,410,179,102
345,2022-06-22,2,218,종합운동장,승차,86,238,725,972,621,388,351,313,329,335,518,728,701,819,468,500,3304,946,116,27
346,2022-06-22,2,218,종합운동장,하차,37,310,695,1206,557,313,291,370,367,446,539,767,2273,2947,1010,445,479,404,249,98
347,2022-06-23,2,218,종합운동장,승차,62,245,738,958,651,368,344,323,275,280,362,834,619,739,352,325,252,169,80,41
348,2022-06-23,2,218,종합운동장,하차,38,258,668,1101,599,317,255,344,332,330,430,436,585,870,629,393,396,410,214,103
349,2022-06-24,2,218,종합운동장,승차,78,221,712,915,615,397,409,465,407,481,716,686,796,947,757,1254,2552,12070,2502,60
350,2022-06-24,2,218,종합운동장,하차,40,264,772,1279,695,765,1153,1751,2306,2919,2758,2278,4830,4972,1158,438,459,647,331,138
351,2022-06-25,2,218,종합운동장,승차,74,104,222,372,379,421,477,490,508,585,596,562,605,575,973,2199,10910,6908,1723,3
352,2022-06-25,2,218,종합운동장,하차,27,370,516,592,628,733,1039,1717,2978,3622,5639,9072,2018,722,358,356,522,494,268,8
353,2022-06-26,2,218,종합운동장,승차,62,70,85,196,219,337,408,572,606,525,415,387,387,646,1373,7664,3465,5315,657,6
354,2022-06-26,2,218,종합운동장,하차,29,250,260,477,673,899,1029,1686,2570,3306,4266,6110,1370,442,282,323,361,354,174,10
355,2022-06-27,2,218,종합운동장,승차,75,236,760,979,604,418,298,300,316,279,633,490,576,693,386,232,195,149,58,23
356,2022-06-27,2,218,종합운동장,하차,38,316,886,1073,481,324,326,281,315,317,339,340,563,969,647,373,336,345,160,65
357,2022-06-28,2,218,종합운동장,승차,65,242,702,1000,602,413,331,344,305,355,396,709,649,783,392,374,1408,346,61,26
358,2022-06-28,2,218,종합운동장,하차,35,326,609,1061,494,379,259,343,327,373,495,593,1197,1609,810,352,411,378,224,85
359,2022-06-29,2,218,종합운동장,승차,71,210,716,959,672,448,444,431,338,342,425,459,596,1393,498,266,276,174,77,34
360,2022-06-29,2,218,종합운동장,하차,38,268,613,1087,546,372,293,357,361,343,432,469,948,1256,719,390,378,398,230,85
361,2022-06-30,2,218,종합운동장,승차,58,195,692,909,645,447,397,413,332,331,387,546,544,637,395,222,250,167,90,25
362,2022-06-30,2,218,종합운동장,하차,42,193,555,953,436,294,222,344,333,306,415,445,527,912,636,426,388,314,228,84
363,2022-07-01,2,218,종합운동장,승차,49,225,733,947,601,603,480,385,318,387,396,533,657,828,497,466,2639,3251,182,49
364,2022-07-01,2,218,종합운동장,하차,40,253,638,1012,462,394,310,344,393,474,621,975,3576,3672,1166,421,416,465,282,140
365,2022-07-02,2,218,종합운동장,승차,64,96,149,278,325,351,470,605,554,607,591,1164,880,653,1577,2994,8728,1982,117,2
366,2022-07-02,2,218,종합운동장,하차,28,305,427,454,547,753,831,1209,1376,1378,2219,4618,6838,1599,469,477,523,372,226,36
367,2022-07-03,2,218,종합운동장,승차,46,93,116,184,228,309,401,601,684,567,584,520,552,452,1256,3791,8104,2478,200,10
368,2022-07-03,2,218,종합운동장,하차,28,240,203,309,457,635,688,969,1208,2816,5749,5921,1659,782,591,417,420,243,154,9
369,2022-07-04,2,218,종합운동장,승차,85,225,773,1019,691,428,302,336,306,316,526,480,532,717,372,217,215,138,76,26
370,2022-07-04,2,218,종합운동장,하차,37,264,624,1039,468,294,246,327,271,302,393,374,575,965,659,447,345,382,193,66
371,2022-07-05,2,218,종합운동장,승차,55,256,711,988,768,442,346,384,337,330,345,644,650,744,439,406,739,2023,142,33
372,2022-07-05,2,218,종합운동장,하차,34,289,669,1072,480,348,262,365,294,379,518,752,1724,2132,789,427,445,409,207,97
373,2022-07-06,2,218,종합운동장,승차,91,233,721,1018,641,411,362,343,315,461,503,527,608,775,401,371,1714,411,124,31
374,2022-07-06,2,218,종합운동장,하차,37,238,603,1163,472,347,252,400,360,415,512,600,1345,1818,788,396,442,446,217,94
375,2022-07-07,2,218,종합운동장,승차,59,236,735,1016,656,405,359,384,359,297,443,760,735,759,391,323,491,1470,129,34
376,2022-07-07,2,218,종합운동장,하차,33,248,586,1192,605,351,268,374,323,354,491,560,1328,1710,703,397,442,434,209,109
377,2022-07-08,2,218,종합운동장,승차,73,201,726,995,608,395,370,345,309,332,654,744,790,742,416,496,1898,3247,231,33
378,2022-07-08,2,218,종합운동장,하차,40,217,542,1082,519,349,253,360,369,419,550,1129,3209,3251,988,380,401,456,259,115
379,2022-07-09,2,218,종합운동장,승차,56,106,168,268,345,382,357,434,434,519,487,606,580,401,528,615,1677,6348,317,2
380,2022-07-09,2,218,종합운동장,하차,36,398,477,457,485,464,334,412,472,642,855,2769,5273,1495,427,291,316,436,210,7
381,2022-07-10,2,218,종합운동장,승차,51,79,79,197,234,355,357,502,455,364,385,378,296,335,681,4376,555,194,56,1
382,2022-07-10,2,218,종합운동장,하차,34,299,247,407,429,526,317,314,460,574,1404,3654,881,351,289,295,241,195,134,4
383,2022-07-11,2,218,종합운동장,승차,73,241,729,976,655,376,324,345,352,475,437,437,575,668,293,212,233,153,39,21
384,2022-07-11,2,218,종합운동장,하차,34,333,698,1106,449,304,283,326,304,345,352,407,602,1009,601,401,385,310,141,58
385,2022-07-12,2,218,종합운동장,승차,65,252,752,1014,639,412,350,387,294,460,514,779,633,838,553,784,2840,4109,153,36
386,2022-07-12,2,218,종합운동장,하차,34,381,601,1133,665,374,279,367,340,454,648,1249,3920,3915,1122,421,412,442,200,91
387,2022-07-13,2,218,종합운동장,승차,72,218,736,959,649,349,326,294,253,603,483,898,577,716,307,219,317,138,63,43
388,2022-07-13,2,218,종합운동장,하차,36,266,624,1096,441,296,339,329,346,328,457,378,584,1002,658,395,354,333,197,81
389,2022-07-14,2,218,종합운동장,승차,60,244,711,1010,660,372,355,665,378,540,624,474,697,893,411,548,3113,4592,217,44
390,2022-07-14,2,218,종합운동장,하차,38,229,694,1516,520,397,264,404,359,457,792,1072,4185,4433,1121,473,434,494,233,98
391,2022-07-15,2,218,종합운동장,승차,55,218,681,940,621,577,428,443,489,589,1077,939,961,1039,649,820,1745,12561,5655,155
392,2022-07-15,2,218,종합운동장,하차,33,280,733,1451,696,458,530,691,991,1825,4627,8632,7021,5229,1079,470,422,593,378,117
393,2022-07-16,2,218,종합운동장,승차,71,132,170,278,348,395,483,603,689,697,691,827,1009,421,585,768,3507,18787,9476,5
394,2022-07-16,2,218,종합운동장,하차,28,257,307,429,642,492,546,1040,1716,4001,8192,13521,9449,2975,492,358,432,587,401,13
395,2022-07-17,2,218,종합운동장,승차,55,75,112,178,245,348,465,645,639,684,739,657,467,409,490,2168,1129,7502,7276,2
396,2022-07-17,2,218,종합운동장,하차,29,276,298,300,588,499,479,759,1214,2635,5535,7670,3894,1592,301,335,256,356,259,16
397,2022-07-18,2,218,종합운동장,승차,99,255,756,948,638,381,384,343,298,390,361,416,579,713,314,272,224,164,61,39
398,2022-07-18,2,218,종합운동장,하차,32,418,638,1082,544,315,261,321,311,315,380,396,601,996,642,347,368,350,145,80
399,2022-07-19,2,218,종합운동장,승차,60,224,725,963,837,426,388,365,311,574,420,602,623,778,499,219,230,177,83,33
400,2022-07-19,2,218,종합운동장,하차,37,409,526,917,516,317,254,343,327,354,360,428,650,993,643,383,359,384,211,84
401,2022-07-20,2,218,종합운동장,승차,79,219,737,977,631,430,352,372,307,483,604,466,644,726,354,272,230,178,70,30
402,2022-07-20,2,218,종합운동장,하차,32,397,673,835,462,345,301,358,315,359,386,382,565,973,617,372,394,406,232,74
403,2022-07-21,2,218,종합운동장,승차,62,217,630,890,643,382,423,479,287,441,378,410,638,715,387,278,248,197,69,28
404,2022-07-21,2,218,종합운동장,하차,36,263,478,781,473,420,321,368,292,360,404,397,590,917,608,378,382,382,199,78
405,2022-07-22,2,218,종합운동장,승차,71,209,630,932,610,388,378,362,337,465,429,497,613,736,379,530,788,3408,197,31
406,2022-07-22,2,218,종합운동장,하차,36,248,490,754,481,338,312,343,376,513,586,744,2324,2758,919,407,314,434,234,97
407,2022-07-23,2,218,종합운동장,승차,44,105,151,277,301,287,345,382,356,383,383,388,2134,2095,400,210,196,190,65,7
408,2022-07-23,2,218,종합운동장,하차,29,382,442,384,305,344,306,376,445,534,659,1514,2548,453,244,267,255,270,145,35
409,2022-07-24,2,218,종합운동장,승차,39,64,95,176,192,290,322,397,383,420,305,396,341,266,368,3157,493,208,45,9
410,2022-07-24,2,218,종합운동장,하차,28,235,228,287,378,391,284,240,380,498,1010,2551,704,350,270,278,224,201,117,12
411,2022-07-25,2,218,종합운동장,승차,60,227,668,911,606,394,346,308,319,339,387,441,524,672,365,237,213,164,56,18
412,2022-07-25,2,218,종합운동장,하차,33,365,499,754,476,374,289,337,332,290,350,395,594,904,560,351,375,306,142,69
413,2022-07-26,2,218,종합운동장,승차,64,202,685,976,635,419,338,332,290,395,398,412,592,719,400,488,3417,370,98,26
414,2022-07-26,2,218,종합운동장,하차,34,248,513,816,530,373,304,349,319,400,507,701,2323,2354,681,373,419,369,147,74
415,2022-07-27,2,218,종합운동장,승차,70,216,648,888,621,383,335,362,325,418,373,473,699,655,387,402,669,2745,213,28
416,2022-07-27,2,218,종합운동장,하차,33,294,504,780,495,326,274,392,317,415,537,665,1940,2261,877,380,401,398,192,77
417,2022-07-28,2,218,종합운동장,승차,65,216,653,912,609,379,348,318,285,389,356,434,670,699,358,676,4801,2616,105,31
418,2022-07-28,2,218,종합운동장,하차,39,284,434,684,452,341,275,456,329,524,758,1014,3850,3924,943,384,453,466,197,78
419,2022-07-29,2,218,종합운동장,승차,56,201,587,918,633,339,338,374,335,389,379,478,821,706,442,600,2696,1662,129,31
420,2022-07-29,2,218,종합운동장,하차,30,365,461,756,484,357,316,403,372,407,596,826,2684,2705,791,386,351,395,219,105
421,2022-07-30,2,218,종합운동장,승차,46,83,141,207,258,353,339,382,312,329,327,369,1565,430,390,809,3832,720,95,0
422,2022-07-30,2,218,종합운동장,하차,22,319,279,344,310,336,401,464,469,999,937,1600,3377,715,276,246,323,273,180,4
423,2022-07-31,2,218,종합운동장,승차,27,74,79,170,194,274,292,407,339,611,654,447,596,307,206,165,141,102,51,5
424,2022-07-31,2,218,종합운동장,하차,23,177,155,317,364,440,701,386,315,482,464,275,289,285,225,217,197,183,125,9
425,2022-08-01,2,218,종합운동장,승차,61,178,567,838,548,323,246,233,269,248,250,328,485,611,316,186,165,111,45,24
426,2022-08-01,2,218,종합운동장,하차,32,276,414,673,412,231,185,266,221,231,274,300,481,875,575,353,348,294,150,67
427,2022-08-02,2,218,종합운동장,승차,58,191,620,808,553,364,261,267,267,329,284,338,507,2486,520,226,193,127,43,38
428,2022-08-02,2,218,종합운동장,하차,30,225,390,629,408,233,225,247,258,304,448,538,1738,1419,619,340,335,365,152,58
429,2022-08-03,2,218,종합운동장,승차,70,178,543,733,524,353,307,307,286,336,268,391,541,611,331,337,559,3227,189,27
430,2022-08-03,2,218,종합운동장,하차,29,180,378,620,411,247,349,314,304,333,452,681,2270,2357,659,379,370,383,164,69
431,2022-08-04,2,218,종합운동장,승차,67,199,641,820,548,360,307,287,317,323,296,401,625,678,381,373,1887,2156,126,33
432,2022-08-04,2,218,종합운동장,하차,32,255,435,718,404,314,250,300,284,347,496,711,2284,2736,748,364,392,383,182,82
433,2022-08-05,2,218,종합운동장,승차,69,200,580,802,515,355,289,331,373,330,345,470,588,625,424,388,680,4428,267,32
434,2022-08-05,2,218,종합운동장,하차,29,247,443,669,451,299,240,284,325,406,543,921,3329,2833,865,327,380,422,237,90
435,2022-08-06,2,218,종합운동장,승차,39,102,160,252,304,244,286,297,315,390,345,351,388,325,279,804,4463,525,88,4
436,2022-08-06,2,218,종합운동장,하차,28,352,305,344,318,269,203,315,322,473,593,1712,3600,762,276,255,354,243,178,11
437,2022-08-07,2,218,종합운동장,승차,25,67,77,178,211,314,300,367,349,328,351,311,329,281,646,4160,565,136,45,9
438,2022-08-07,2,218,종합운동장,하차,26,315,452,312,357,396,257,293,354,506,1315,3093,679,306,292,247,218,185,132,7
439,2022-08-08,2,218,종합운동장,승차,62,190,604,807,576,324,254,241,226,281,272,316,536,566,271,227,183,159,83,40
440,2022-08-08,2,218,종합운동장,하차,32,283,540,823,460,236,173,271,231,249,288,279,454,834,540,350,354,386,265,93
441,2022-08-09,2,218,종합운동장,승차,61,228,648,790,618,401,242,238,248,228,398,386,771,543,234,214,139,99,53,21
442,2022-08-09,2,218,종합운동장,하차,29,239,525,830,529,371,240,304,452,283,311,354,573,830,480,281,289,223,109,55
443,2022-08-10,2,218,종합운동장,승차,53,201,617,848,596,503,1142,574,485,500,566,652,714,848,442,675,2768,3480,358,37
444,2022-08-10,2,218,종합운동장,하차,31,335,690,1499,1154,985,911,956,953,1481,1860,2331,3750,4902,1689,424,518,644,227,74
445,2022-08-11,2,218,종합운동장,승차,75,205,603,877,615,361,290,303,308,374,363,471,677,806,515,732,745,1863,187,23
446,2022-08-11,2,218,종합운동장,하차,27,228,558,1122,897,481,482,448,600,702,1083,1225,1781,2037,954,415,380,431,201,61
447,2022-08-12,2,218,종합운동장,승차,58,207,577,810,574,366,311,324,371,479,439,575,755,967,639,1102,3377,6567,309,51
448,2022-08-12,2,218,종합운동장,하차,30,316,627,1247,772,572,477,533,761,1186,1716,2570,3644,3867,1688,628,448,512,230,105
449,2022-08-13,2,218,종합운동장,승차,56,110,142,253,318,284,352,488,574,530,419,483,802,1232,795,1164,4653,6721,2594,2
450,2022-08-13,2,218,종합운동장,하차,56,787,637,659,1162,1492,1557,1021,1184,2361,3467,4065,5738,2418,753,409,392,408,234,7
451,2022-08-14,2,218,종합운동장,승차,42,80,108,186,221,328,414,502,564,504,397,563,1218,1038,1000,1353,4055,421,78,4
452,2022-08-14,2,218,종합운동장,하차,30,485,705,832,1269,1400,1513,1141,1466,2240,2772,3426,1165,487,342,272,337,209,127,5
453,2022-08-15,2,218,종합운동장,승차,42,77,93,144,202,212,244,221,271,256,251,270,311,212,112,126,102,83,46,2
454,2022-08-15,2,218,종합운동장,하차,22,144,243,239,181,137,150,190,176,212,313,298,283,244,236,158,184,171,122,7
455,2022-08-16,2,218,종합운동장,승차,58,207,631,866,609,345,296,289,270,304,310,636,581,685,391,460,3343,1635,132,47
456,2022-08-16,2,218,종합운동장,하차,36,440,490,938,488,299,245,348,274,397,513,782,2864,2821,895,406,380,350,174,64
457,2022-08-17,2,218,종합운동장,승차,66,217,638,857,602,370,302,285,275,380,485,609,553,612,378,403,614,3813,351,40
458,2022-08-17,2,218,종합운동장,하차,32,256,601,962,427,298,251,334,312,370,517,697,2602,2908,893,412,335,402,184,89
459,2022-08-18,2,218,종합운동장,승차,59,212,683,856,575,382,299,316,303,389,357,718,571,653,385,357,2044,439,74,38
460,2022-08-18,2,218,종합운동장,하차,38,255,606,976,427,274,240,292,336,353,488,609,1451,1872,698,364,422,343,205,90
461,2022-08-19,2,218,종합운동장,승차,62,219,644,835,552,371,326,283,292,304,525,620,837,690,272,223,141,110,56,30
462,2022-08-19,2,218,종합운동장,하차,31,232,535,984,358,260,250,321,323,399,474,485,614,895,523,373,293,305,213,87
463,2022-08-20,2,218,종합운동장,승차,56,101,147,237,300,396,308,361,327,353,370,382,422,292,349,761,7190,779,112,3
464,2022-08-20,2,218,종합운동장,하차,25,348,301,322,303,255,220,339,557,442,861,2629,5670,1181,322,280,373,282,191,10
465,2022-08-21,2,218,종합운동장,승차,48,88,98,189,214,314,325,459,408,340,465,306,291,351,590,5640,732,194,79,8
466,2022-08-21,2,218,종합운동장,하차,24,382,262,344,317,317,282,316,418,663,2000,4202,898,415,274,266,199,165,128,16
467,2022-08-22,2,218,종합운동장,승차,67,258,688,854,601,373,307,309,276,314,551,472,567,594,309,196,202,139,52,32
468,2022-08-22,2,218,종합운동장,하차,30,373,581,906,419,316,233,293,301,317,324,405,526,931,561,333,324,348,159,48
469,2022-08-23,2,218,종합운동장,승차,56,231,697,950,590,373,363,298,272,284,361,674,606,658,379,325,477,1599,188,48
470,2022-08-23,2,218,종합운동장,하차,42,223,592,976,468,308,263,258,324,385,468,593,1273,1697,702,399,376,398,205,80
471,2022-08-24,2,218,종합운동장,승차,68,225,702,958,619,414,318,340,307,292,475,661,598,633,422,347,1381,650,86,39
472,2022-08-24,2,218,종합운동장,하차,31,257,676,961,435,317,254,309,351,363,486,600,1252,1689,756,405,355,351,208,78
473,2022-08-25,2,218,종합운동장,승차,54,207,696,916,616,397,333,328,305,377,416,726,722,764,508,508,6807,1670,120,50
474,2022-08-25,2,218,종합운동장,하차,37,272,586,990,508,324,287,432,438,607,926,1490,4282,4201,1036,428,497,417,204,81
475,2022-08-26,2,218,종합운동장,승차,65,227,691,898,610,363,443,306,405,310,516,592,677,745,458,2470,6310,451,136,39
476,2022-08-26,2,218,종합운동장,하차,35,248,574,995,429,351,282,343,415,388,629,1263,4793,5478,1360,455,422,352,260,133
477,2022-08-27,2,218,종합운동장,승차,61,116,152,245,312,350,389,432,430,404,440,1805,691,642,811,1896,5664,2765,128,4
478,2022-08-27,2,218,종합운동장,하차,26,408,455,352,469,787,950,1030,817,1513,1583,2784,4795,1518,465,305,413,298,221,32
479,2022-08-28,2,218,종합운동장,승차,40,83,89,191,239,324,386,486,413,390,1305,580,411,295,1021,4009,1657,227,81,5
480,2022-08-28,2,218,종합운동장,하차,26,342,225,382,514,1042,744,320,475,857,1894,3573,1073,374,270,254,252,183,136,5
481,2022-08-29,2,218,종합운동장,승차,67,208,682,915,623,373,309,279,266,307,573,551,528,645,299,209,193,144,42,41
482,2022-08-29,2,218,종합운동장,하차,34,390,605,1218,405,298,249,287,283,281,344,414,513,966,549,369,343,329,207,83
483,2022-08-30,2,218,종합운동장,승차,69,209,651,937,613,379,292,285,246,235,319,773,582,614,335,208,197,120,42,19
484,2022-08-30,2,218,종합운동장,하차,33,257,553,1103,398,261,202,312,237,290,370,382,591,909,587,406,333,281,186,46
485,2022-08-31,2,218,종합운동장,승차,67,223,682,958,664,371,414,333,407,330,416,690,668,682,430,429,1314,1999,112,19
486,2022-08-31,2,218,종합운동장,하차,32,253,682,1210,488,378,295,336,329,359,477,639,1835,2419,878,421,405,359,213,84
487,2022-09-01,2,218,종합운동장,승차,64,260,733,1024,648,430,357,348,346,333,404,691,618,720,435,509,2753,305,104,31
488,2022-09-01,2,218,종합운동장,하차,33,280,653,992,465,371,233,394,330,396,544,722,1855,2489,945,406,417,398,199,96
489,2022-09-02,2,218,종합운동장,승차,62,208,736,962,643,432,372,447,409,622,524,731,839,806,398,356,1162,3288,365,64
490,2022-09-02,2,218,종합운동장,하차,33,241,642,1147,586,431,360,435,492,520,641,837,2418,3350,1088,427,389,460,273,123
491,2022-09-03,2,218,종합운동장,승차,62,117,165,259,321,401,497,545,552,465,526,553,529,430,682,5771,439,282,75,3
492,2022-09-03,2,218,종합운동장,하차,31,270,375,460,439,450,335,466,620,760,1804,4811,1316,469,333,368,254,331,221,11
493,2022-09-04,2,218,종합운동장,승차,37,71,72,163,217,338,289,497,1013,462,440,540,463,194,107,112,69,93,35,10
494,2022-09-04,2,218,종합운동장,하차,42,185,115,286,350,480,345,660,792,309,311,303,316,344,249,221,187,165,101,17
495,2022-09-05,2,218,종합운동장,승차,62,221,707,1035,634,349,267,254,265,238,443,564,481,530,229,170,147,88,36,16
496,2022-09-05,2,218,종합운동장,하차,32,402,700,1183,439,291,194,269,241,285,320,390,596,931,636,309,312,240,130,34
497,2022-09-06,2,218,종합운동장,승차,56,200,658,860,578,368,377,339,372,314,350,505,567,711,382,404,2716,2425,180,38
498,2022-09-06,2,218,종합운동장,하차,33,204,552,814,393,315,217,325,332,389,503,857,2542,3772,1058,390,384,427,190,86
499,2022-09-07,2,218,종합운동장,승차,68,215,768,1061,691,464,385,309,306,363,471,688,662,767,399,530,1276,4935,719,50
500,2022-09-07,2,218,종합운동장,하차,35,257,611,1206,447,401,295,372,341,435,547,909,3426,4464,1318,468,472,435,279,108
501,2022-09-08,2,218,종합운동장,승차,69,213,750,922,645,462,469,640,941,965,862,1298,940,769,454,498,580,15103,747,55
502,2022-09-08,2,218,종합운동장,하차,39,304,634,1077,707,641,633,987,1220,1869,2880,4913,7741,4724,758,463,433,854,235,83
503,2022-09-09,2,218,종합운동장,승차,61,90,152,193,218,320,373,684,1097,950,838,959,2744,626,311,221,235,12117,2153,6
504,2022-09-09,2,218,종합운동장,하차,25,218,189,257,429,692,798,1576,3548,2545,3145,4083,5290,2654,249,209,351,628,196,8
505,2022-09-10,2,218,종합운동장,승차,66,78,109,87,114,140,151,199,160,178,262,4727,1547,300,151,120,86,96,33,18
506,2022-09-10,2,218,종합운동장,하차,23,71,80,128,133,243,381,1519,4181,773,269,268,217,197,116,142,109,92,71,40
507,2022-09-11,2,218,종합운동장,승차,27,56,68,121,184,319,308,383,319,305,277,802,8816,683,324,130,117,166,42,11
508,2022-09-11,2,218,종합운동장,하차,28,172,118,255,301,486,610,2438,6196,1081,291,297,440,259,204,159,189,175,124,35
509,2022-09-12,2,218,종합운동장,승차,31,63,70,133,187,236,233,241,245,249,242,269,247,207,149,138,128,121,47,4
510,2022-09-12,2,218,종합운동장,하차,27,98,110,167,158,125,151,170,193,265,401,291,315,357,237,216,182,188,110,14
511,2022-09-13,2,218,종합운동장,승차,64,231,698,1042,710,456,327,347,314,321,346,632,571,707,416,409,2938,583,152,25
512,2022-09-13,2,218,종합운동장,하차,41,448,670,1190,1024,651,390,349,291,392,513,686,1925,2842,936,445,364,375,157,52
513,2022-09-14,2,218,종합운동장,승차,72,245,767,1056,714,410,383,350,343,322,496,675,638,729,509,394,3995,1920,180,46
514,2022-09-14,2,218,종합운동장,하차,37,322,694,1184,510,350,283,410,344,416,583,951,2823,3919,1773,487,425,418,197,86
515,2022-09-15,2,218,종합운동장,승차,64,219,800,1062,690,466,344,339,293,339,349,726,650,720,435,389,2975,550,109,46
516,2022-09-15,2,218,종합운동장,하차,42,326,646,1076,509,327,282,356,335,388,492,721,2094,2803,868,399,384,425,249,67
517,2022-09-16,2,218,종합운동장,승차,62,228,753,999,636,420,370,344,337,355,934,634,660,808,451,1180,3351,352,80,45
518,2022-09-16,2,218,종합운동장,하차,27,248,673,1213,550,351,326,387,399,454,546,848,2505,3070,1081,489,435,446,257,131
519,2022-09-17,2,218,종합운동장,승차,48,115,153,297,377,571,993,2118,2326,2320,2180,1936,1597,1306,1635,7835,1391,18898,1425,5
520,2022-09-17,2,218,종합운동장,하차,30,458,628,1439,1225,2410,2179,2319,3232,4938,7149,11838,11693,5798,543,528,566,1140,275,26
521,2022-09-18,2,218,종합운동장,승차,65,90,106,213,275,499,1206,2428,2372,2010,2196,2210,6549,1564,624,733,829,20302,1215,5
522,2022-09-18,2,218,종합운동장,하차,28,331,503,1054,1013,2535,2559,4056,6968,4356,5147,5734,10420,6812,472,430,445,702,207,8
523,2022-09-19,2,218,종합운동장,승차,78,266,767,1058,703,416,319,320,314,315,495,449,584,659,373,258,223,153,66,41
524,2022-09-19,2,218,종합운동장,하차,39,480,656,1103,563,342,230,312,333,322,418,441,637,975,712,421,364,331,174,85
525,2022-09-20,2,218,종합운동장,승차,84,247,816,1136,696,444,374,447,372,354,781,694,734,851,536,656,1120,2023,148,52
526,2022-09-20,2,218,종합운동장,하차,31,539,939,1428,671,404,291,389,340,396,493,699,1984,2669,1050,448,448,403,240,78
527,2022-09-21,2,218,종합운동장,승차,65,238,812,1082,671,435,527,380,362,329,474,493,722,836,536,399,866,1833,110,38
528,2022-09-21,2,218,종합운동장,하차,39,515,707,1167,534,389,311,364,403,435,583,675,1484,2282,911,464,391,422,209,88
529,2022-09-22,2,218,종합운동장,승차,76,226,759,1057,722,478,526,337,320,345,511,613,713,738,616,1009,6925,707,145,42
530,2022-09-22,2,218,종합운동장,하차,36,478,871,1263,596,412,272,360,391,477,561,1307,4593,4625,1257,521,402,410,237,112
531,2022-09-23,2,218,종합운동장,승차,67,219,755,1010,632,513,460,361,340,394,454,798,895,909,501,629,6492,3869,400,42
532,2022-09-23,2,218,종합운동장,하차,34,333,788,1146,537,419,325,418,407,489,699,1284,5184,6825,1925,500,559,448,238,123
533,2022-09-24,2,218,종합운동장,승차,51,116,178,291,352,487,441,562,588,607,699,1454,720,599,1113,7298,4200,7333,524,0
534,2022-09-24,2,218,종합운동장,하차,28,533,675,721,853,634,734,1295,2004,2197,4775,8996,3811,2014,806,470,380,507,222,33
535,2022-09-25,2,218,종합운동장,승차,53,108,89,205,251,381,470,546,451,457,586,784,3908,960,1960,866,2078,7245,388,5
536,2022-09-25,2,218,종합운동장,하차,29,222,316,546,751,734,639,1589,4180,2406,3356,3244,2651,1612,811,412,277,453,197,8
537,2022-09-26,2,218,종합운동장,승차,72,235,792,1111,672,412,368,340,256,320,572,488,616,644,347,272,266,144,43,24
538,2022-09-26,2,218,종합운동장,하차,37,427,723,1280,491,346,239,314,327,342,371,414,597,1025,651,392,335,342,145,76
539,2022-09-27,2,218,종합운동장,승차,55,244,809,1097,745,440,374,366,312,304,348,733,798,800,324,313,221,163,53,30
540,2022-09-27,2,218,종합운동장,하차,35,323,779,1333,510,366,262,326,376,403,395,458,663,1027,732,410,388,376,221,74
541,2022-09-28,2,218,종합운동장,승차,61,233,731,1031,714,447,391,455,469,627,540,647,660,700,380,271,277,134,60,35
542,2022-09-28,2,218,종합운동장,하차,32,321,785,1316,725,608,299,406,347,365,451,505,625,1028,641,406,405,404,212,90
543,2022-09-29,2,218,종합운동장,승차,56,252,761,1107,690,442,357,372,314,342,399,751,646,636,512,364,1094,3174,193,54
544,2022-09-29,2,218,종합운동장,하차,37,343,699,1123,513,312,262,396,340,387,552,790,2374,2907,1052,474,381,485,241,97
545,2022-09-30,2,218,종합운동장,승차,63,232,782,1004,683,452,386,360,378,389,629,635,737,773,482,575,4179,673,180,36
546,2022-09-30,2,218,종합운동장,하차,39,299,678,1065,486,364,313,378,465,484,684,957,2724,3483,1214,488,433,417,267,111
547,2022-10-01,2,218,종합운동장,승차,37,165,167,247,326,346,403,426,419,439,459,656,508,571,955,5194,1683,340,135,0
548,2022-10-01,2,218,종합운동장,하차,36,610,593,396,306,320,315,535,686,1017,2154,5011,1518,452,323,322,265,253,186,23
549,2022-10-02,2,218,종합운동장,승차,43,99,89,183,234,438,458,578,503,496,485,1037,6743,582,584,326,197,149,70,0
550,2022-10-02,2,218,종합운동장,하차,26,421,297,490,517,665,748,1825,4428,1422,835,535,633,299,257,204,258,196,142,4
551,2022-10-03,2,218,종합운동장,승차,42,81,101,138,197,227,420,610,341,240,287,304,585,527,838,203,120,49,63,3
552,2022-10-03,2,218,종합운동장,하차,25,157,159,269,199,347,602,349,336,452,640,539,625,304,275,237,202,188,85,12
553,2022-10-04,2,218,종합운동장,승차,65,234,802,1137,813,491,350,328,350,351,403,637,577,651,361,637,4911,1381,107,45
554,2022-10-04,2,218,종합운동장,하차,33,406,730,1196,533,418,342,453,359,458,619,973,3249,4053,1243,480,437,383,170,102
555,2022-10-05,2,218,종합운동장,승차,66,230,764,1110,751,509,401,436,433,302,538,1097,681,819,481,810,5374,500,94,30
556,2022-10-05,2,218,종합운동장,하차,36,475,894,1312,739,577,431,467,417,447,609,1150,3218,3541,1294,489,480,430,228,67
557,2022-10-06,2,218,종합운동장,승차,65,225,804,1099,798,432,394,375,377,381,402,627,760,769,422,513,4118,508,145,25
558,2022-10-06,2,218,종합운동장,하차,36,342,885,1208,746,446,351,368,338,467,588,900,2511,3047,1204,441,446,428,219,74
559,2022-10-07,2,218,종합운동장,승차,61,220,753,994,689,523,482,448,473,437,838,880,1041,940,560,827,3282,21276,1281,58
560,2022-10-07,2,218,종합운동장,하차,38,425,761,1115,532,486,486,501,740,1217,2177,4660,10764,10897,2642,665,596,1093,330,131
561,2022-10-08,2,218,종합운동장,승차,96,117,168,306,316,363,406,469,474,486,572,921,786,785,1752,9282,2540,329,110,5
562,2022-10-08,2,218,종합운동장,하차,40,588,598,337,325,437,401,594,1134,2870,5947,5338,1554,648,389,456,452,400,246,35
563,2022-10-09,2,218,종합운동장,승차,46,114,99,159,245,341,368,751,1082,698,429,755,343,379,612,262,272,172,50,1
564,2022-10-09,2,218,종합운동장,하차,39,354,327,490,594,777,579,805,521,596,270,362,516,286,250,206,201,170,119,24
565,2022-10-10,2,218,종합운동장,승차,42,86,112,152,215,271,305,302,256,269,299,474,289,360,392,208,103,79,37,0
566,2022-10-10,2,218,종합운동장,하차,23,175,182,310,230,224,204,253,308,508,483,353,485,360,266,234,195,228,97,9
567,2022-10-11,2,218,종합운동장,승차,58,242,777,1102,716,444,339,343,333,364,632,562,727,703,392,293,585,3514,244,41
568,2022-10-11,2,218,종합운동장,하차,43,360,780,1284,474,365,303,442,360,410,554,698,2281,2929,1152,502,420,414,194,73
569,2022-10-12,2,218,종합운동장,승차,72,223,845,1137,685,470,362,414,421,453,581,1078,1517,790,492,301,364,163,91,41
570,2022-10-12,2,218,종합운동장,하차,35,367,828,1302,716,538,692,877,439,433,420,499,741,1107,753,380,379,385,212,94
571,2022-10-13,2,218,종합운동장,승차,63,239,760,1147,740,455,483,1094,313,343,573,878,614,749,460,349,375,187,85,40
572,2022-10-13,2,218,종합운동장,하차,38,500,1608,1496,690,350,330,366,300,344,400,494,706,1002,695,411,450,407,240,84
573,2022-10-14,2,218,종합운동장,승차,78,230,776,1010,667,458,362,1017,438,431,630,596,942,796,476,222,336,195,75,33
574,2022-10-14,2,218,종합운동장,하차,38,347,1100,1452,523,443,368,360,476,442,489,494,724,1064,768,384,369,344,249,122
575,2022-10-15,2,218,종합운동장,승차,52,135,161,306,334,450,431,410,507,453,1108,1348,605,437,688,415,275,174,89,6
576,2022-10-15,2,218,종합운동장,하차,28,674,703,415,406,550,428,823,1648,647,427,515,582,347,288,319,300,295,201,8
577,2022-10-16,2,218,종합운동장,승차,37,105,120,197,228,397,416,566,658,660,544,593,846,575,350,414,263,120,49,6
578,2022-10-16,2,218,종합운동장,하차,36,538,725,478,679,1062,690,489,351,460,417,353,451,327,250,256,224,183,121,12
579,2022-10-17,2,218,종합운동장,승차,74,242,766,1063,722,454,334,320,326,320,531,529,610,688,347,312,313,143,52,33
580,2022-10-17,2,218,종합운동장,하차,35,466,753,1393,524,409,240,378,332,357,418,447,615,1122,782,376,315,347,189,63
581,2022-10-18,2,218,종합운동장,승차,77,243,800,1109,763,455,330,335,332,841,422,942,805,867,312,346,249,124,61,27
582,2022-10-18,2,218,종합운동장,하차,37,367,888,1900,866,387,235,336,353,393,373,506,670,1011,660,429,445,335,201,63
583,2022-10-19,2,218,종합운동장,승차,58,217,740,1105,879,471,389,392,372,381,513,626,642,860,434,315,491,756,100,47
584,2022-10-19,2,218,종합운동장,하차,34,359,818,1741,1049,553,248,373,348,419,454,494,706,1409,1093,417,411,367,210,102
585,2022-10-20,2,218,종합운동장,승차,73,257,757,1119,674,471,364,402,324,349,642,490,687,779,504,382,403,806,120,33
586,2022-10-20,2,218,종합운동장,하차,37,471,757,1147,751,389,310,357,391,379,462,499,754,1255,1017,442,388,424,246,85
587,2022-10-21,2,218,종합운동장,승차,61,222,694,992,664,450,368,375,580,454,481,579,851,797,501,329,405,890,136,45
588,2022-10-21,2,218,종합운동장,하차,47,435,695,1137,555,408,296,375,432,486,496,507,789,1234,1102,435,399,421,267,114
589,2022-10-22,2,218,종합운동장,승차,65,125,168,318,397,540,526,781,1018,982,912,1016,1070,2072,918,707,4928,9319,358,3
590,2022-10-22,2,218,종합운동장,하차,24,869,837,662,680,839,1151,1371,1883,3113,5101,5189,3675,898,512,539,567,716,200,7
591,2022-10-23,2,218,종합운동장,승차,43,100,107,176,267,418,499,837,897,752,826,1282,925,821,581,916,1658,11778,345,7
592,2022-10-23,2,218,종합운동장,하차,99,329,413,440,767,921,921,1545,1919,3041,4200,4719,3509,470,320,355,403,599,165,9
593,2022-10-24,2,218,종합운동장,승차,84,234,832,1062,682,411,355,331,345,323,556,670,729,902,440,517,9874,2219,122,35
594,2022-10-24,2,218,종합운동장,하차,32,365,753,1414,698,372,306,378,392,493,870,1811,6407,7300,1692,465,480,382,157,76
595,2022-10-25,2,218,종합운동장,승차,68,248,822,1086,684,430,377,322,322,324,409,752,698,911,505,902,1159,5863,5793,49
596,2022-10-25,2,218,종합운동장,하차,34,341,809,1437,579,422,246,326,436,555,822,1770,6537,7903,1745,519,467,448,292,61
597,2022-10-26,2,218,종합운동장,승차,77,237,765,1069,703,440,372,365,307,332,501,701,658,856,490,345,582,627,100,33
598,2022-10-26,2,218,종합운동장,하차,37,375,780,1380,526,447,238,348,343,401,408,528,735,1324,1072,422,385,409,201,90
599,2022-10-27,2,218,종합운동장,승차,58,256,774,1056,681,428,448,397,407,480,607,636,716,918,630,563,502,806,122,33
600,2022-10-27,2,218,종합운동장,하차,37,602,859,1309,702,574,579,504,468,407,452,515,751,1265,1078,390,405,432,221,100
601,2022-10-28,2,218,종합운동장,승차,76,217,728,974,657,547,503,1070,1868,2751,6755,1128,911,818,450,526,920,2238,167,39
602,2022-10-28,2,218,종합운동장,하차,34,371,837,1537,3467,6142,3823,1398,831,773,895,881,1201,1809,1484,455,416,464,293,115
603,2022-10-29,2,218,종합운동장,승차,51,126,173,288,348,563,430,530,660,720,653,984,711,2480,966,622,3806,2867,266,0
604,2022-10-29,2,218,종합운동장,하차,38,660,793,498,713,1147,760,895,1201,1906,3022,2091,1694,1271,655,384,476,377,222,32
605,2022-10-30,2,218,종합운동장,승차,45,86,86,185,306,340,502,690,587,469,751,1003,547,390,570,864,2588,415,43,1
606,2022-10-30,2,218,종합운동장,하차,34,278,328,575,698,733,602,842,1160,1019,1131,1107,999,395,305,246,323,228,131,6
607,2022-10-31,2,218,종합운동장,승차,94,225,818,1049,716,433,312,658,326,316,504,553,631,707,284,283,398,122,85,31
608,2022-10-31,2,218,종합운동장,하차,37,350,750,1765,535,335,281,332,331,343,404,435,635,1082,840,364,331,328,185,59
609,2022-11-01,2,218,종합운동장,승차,66,234,797,1098,649,449,343,347,305,324,384,655,578,677,401,264,559,134,71,30
610,2022-11-01,2,218,종합운동장,하차,32,347,713,1353,486,348,222,317,278,352,427,482,662,1278,717,388,366,376,181,78
611,2022-11-02,2,218,종합운동장,승차,59,256,810,1043,674,412,382,360,334,315,453,586,631,716,343,295,365,613,76,31
612,2022-11-02,2,218,종합운동장,하차,37,326,727,1370,436,338,254,359,334,349,445,471,770,1316,989,392,414,379,215,82
613,2022-11-03,2,218,종합운동장,승차,78,240,816,1075,608,452,406,370,283,324,457,526,657,688,430,347,316,627,82,26
614,2022-11-03,2,218,종합운동장,하차,35,340,808,1219,595,379,243,324,302,371,432,461,676,1211,917,436,394,360,195,73
615,2022-11-04,2,218,종합운동장,승차,67,214,704,974,643,407,388,862,405,338,518,640,749,678,390,288,627,736,72,29
616,2022-11-04,2,218,종합운동장,하차,33,275,1101,1235,539,349,251,370,364,424,490,536,871,1465,1096,417,353,406,272,91
617,2022-11-05,2,218,종합운동장,승차,45,131,167,265,351,522,415,393,381,832,466,715,541,1130,629,427,577,246,51,7
618,2022-11-05,2,218,종합운동장,하차,37,415,602,520,532,408,622,518,483,704,820,468,673,682,376,251,277,264,181,13
619,2022-11-06,2,218,종합운동장,승차,89,84,98,227,300,490,1008,2677,2580,958,472,1644,570,334,628,904,204,97,43,0
620,2022-11-06,2,218,종합운동장,하차,54,340,228,459,737,1652,1454,1240,1550,604,490,670,968,361,272,230,211,167,118,2
621,2022-11-07,2,218,종합운동장,승차,77,227,753,1064,658,427,366,321,308,292,489,518,650,660,311,292,370,251,47,36
622,2022-11-07,2,218,종합운동장,하차,32,378,697,1249,455,377,236,325,318,348,353,441,629,1126,802,439,373,356,153,68
623,2022-11-08,2,218,종합운동장,승차,62,244,796,1121,669,450,363,449,435,838,400,692,560,713,449,333,375,154,62,39
624,2022-11-08,2,218,종합운동장,하차,29,379,992,1545,569,433,231,343,341,303,346,430,652,1086,841,441,422,382,197,95
625,2022-11-09,2,218,종합운동장,승차,71,231,737,1151,673,471,368,449,347,328,532,551,651,674,390,388,415,791,95,43
626,2022-11-09,2,218,종합운동장,하차,38,345,660,1316,574,543,267,351,312,338,450,492,752,1304,1111,444,399,429,207,92
627,2022-11-10,2,218,종합운동장,승차,73,231,760,1027,721,459,389,403,345,276,513,646,673,803,404,204,552,693,101,30
628,2022-11-10,2,218,종합운동장,하차,33,285,687,1146,600,411,269,350,332,366,471,461,746,1246,1149,431,420,451,222,100
629,2022-11-11,2,218,종합운동장,승차,57,213,751,921,669,434,337,387,348,361,664,532,855,635,352,248,384,793,108,52
630,2022-11-11,2,218,종합운동장,하차,29,256,681,1109,554,346,286,322,357,412,485,523,750,1283,991,374,308,381,223,139
631,2022-11-12,2,218,종합운동장,승차,41,117,162,225,410,368,346,386,356,926,489,612,487,1162,428,321,222,670,43,3
632,2022-11-12,2,218,종합운동장,하차,26,362,559,330,375,354,557,451,479,741,956,580,721,627,357,271,270,276,156,41
633,2022-11-13,2,218,종합운동장,승차,40,64,82,194,239,353,375,528,413,286,854,1488,478,348,488,1513,1442,94,32,12
634,2022-11-13,2,218,종합운동장,하차,43,262,215,349,407,556,994,1447,1123,578,634,1026,1224,362,257,245,244,173,115,14
635,2022-11-14,2,218,종합운동장,승차,64,241,739,1053,661,419,361,306,1099,302,554,461,555,669,297,220,411,138,54,30
636,2022-11-14,2,218,종합운동장,하차,33,395,1420,1281,478,317,255,335,362,335,384,390,629,1102,731,419,346,329,157,66
637,2022-11-15,2,218,종합운동장,승차,70,208,783,1049,680,431,384,366,390,510,884,629,635,646,303,279,210,115,69,26
638,2022-11-15,2,218,종합운동장,하차,32,355,621,1162,765,422,392,368,287,330,397,464,591,1001,667,426,428,350,199,57
639,2022-11-16,2,218,종합운동장,승차,61,212,710,1035,746,531,403,556,384,389,372,409,595,722,356,974,937,670,74,32
640,2022-11-16,2,218,종합운동장,하차,33,302,614,1143,519,491,290,358,363,418,510,492,1038,2061,1180,441,377,386,186,79
641,2022-11-17,2,218,종합운동장,승차,70,203,647,933,797,468,398,359,292,333,439,431,753,719,322,258,788,724,82,32
642,2022-11-17,2,218,종합운동장,하차,37,328,576,675,555,339,277,300,286,352,472,500,923,1508,1159,426,367,366,235,100
643,2022-11-18,2,218,종합운동장,승차,60,211,640,955,626,423,356,369,343,377,555,505,952,677,404,201,410,775,94,37
644,2022-11-18,2,218,종합운동장,하차,33,289,568,1002,682,342,271,377,387,399,567,417,750,1270,1008,330,427,356,221,129
645,2022-11-19,2,218,종합운동장,승차,54,117,164,251,374,392,401,501,467,465,483,1369,571,1152,508,215,645,258,70,6
646,2022-11-19,2,218,종합운동장,하차,52,266,552,349,332,346,358,671,1134,936,921,514,749,679,368,238,293,261,195,24
647,2022-11-20,2,218,종합운동장,승차,40,82,104,241,398,1832,1559,933,761,646,782,8043,3597,1037,445,924,169,130,66,4
648,2022-11-20,2,218,종합운동장,하차,35,863,3891,1266,1303,1990,3970,6601,1669,830,1048,689,917,350,279,221,221,149,123,7
649,2022-11-21,2,218,종합운동장,승차,76,209,716,1026,687,433,358,376,327,321,526,537,547,642,295,224,951,166,52,28
650,2022-11-21,2,218,종합운동장,하차,36,308,784,1205,514,355,270,346,306,334,396,444,886,1527,771,403,383,361,179,62
651,2022-11-22,2,218,종합운동장,승차,57,235,765,1039,699,425,383,383,321,334,404,640,718,737,269,199,257,656,53,34
652,2022-11-22,2,218,종합운동장,하차,31,294,782,1264,472,375,251,322,307,326,420,428,636,1257,899,369,418,416,167,68
653,2022-11-23,2,218,종합운동장,승차,63,216,738,1049,701,484,366,402,332,323,473,638,623,691,284,211,416,703,77,32
654,2022-11-23,2,218,종합운동장,하차,31,293,586,1326,487,438,273,350,325,348,388,478,755,1314,996,411,377,442,181,93
655,2022-11-24,2,218,종합운동장,승차,45,233,740,1023,682,431,396,413,361,327,401,732,624,784,453,327,1003,649,53,47
656,2022-11-24,2,218,종합운동장,하차,26,291,602,1093,522,374,281,362,355,388,469,529,856,1661,1016,444,472,336,105,148
657,2022-11-25,2,218,종합운동장,승차,59,202,720,975,676,409,382,399,316,370,600,568,1005,714,403,219,399,852,84,53
658,2022-11-25,2,218,종합운동장,하차,27,261,500,1034,416,361,314,320,329,441,709,462,801,1272,1075,369,427,421,234,132
659,2022-11-26,2,218,종합운동장,승차,45,118,141,264,395,404,391,444,392,997,897,1616,590,1182,458,151,623,200,55,1
660,2022-11-26,2,218,종합운동장,하차,22,194,391,329,425,645,890,914,1209,942,969,522,717,715,416,270,325,271,178,27
661,2022-11-27,2,218,종합운동장,승차,30,72,110,187,223,343,369,440,359,390,464,934,494,224,351,758,117,82,42,6
662,2022-11-27,2,218,종합운동장,하차,28,194,186,312,408,419,289,413,623,541,383,563,817,312,260,254,221,192,109,9
663,2022-11-28,2,218,종합운동장,승차,59,217,724,1007,728,449,342,345,331,302,470,543,535,574,258,176,291,77,34,29
664,2022-11-28,2,218,종합운동장,하차,34,267,602,1280,552,368,265,302,305,326,345,421,639,1036,688,416,424,242,109,98
665,2022-11-29,2,218,종합운동장,승차,59,204,745,1015,701,442,390,353,304,299,342,636,548,580,285,179,194,109,49,22
666,2022-11-29,2,218,종합운동장,하차,27,218,670,1187,499,359,236,307,310,281,400,420,626,948,635,384,430,378,219,66
667,2022-11-30,2,218,종합운동장,승차,56,191,721,1020,639,394,338,441,397,400,769,3533,638,659,299,237,949,638,41,32
668,2022-11-30,2,218,종합운동장,하차,30,228,550,1089,447,594,503,1397,1938,655,438,566,753,1411,1273,415,419,378,241,79
669,2022-12-01,2,218,종합운동장,승차,79,205,677,948,665,401,388,345,300,306,323,759,600,613,252,194,614,199,64,38
670,2022-12-01,2,218,종합운동장,하차,33,251,522,1010,491,319,240,317,273,286,371,409,686,1173,750,373,434,366,199,94
671,2022-12-02,2,218,종합운동장,승차,47,200,669,950,604,391,315,381,359,457,609,1314,860,865,381,224,740,284,2800,83
672,2022-12-02,2,218,종합운동장,하차,28,235,929,1137,428,424,332,424,571,729,1072,1361,1968,1700,770,366,411,393,371,108
673,2022-12-03,2,218,종합운동장,승차,44,97,130,221,382,365,449,506,432,973,745,594,497,1074,374,2169,1237,198,76,6
674,2022-12-03,2,218,종합운동장,하차,37,181,195,340,460,574,950,931,1227,1960,1426,496,587,699,365,340,372,281,229,11
675,2022-12-04,2,218,종합운동장,승차,42,66,61,162,203,287,355,457,362,322,334,1458,479,268,268,552,133,74,44,3
676,2022-12-04,2,218,종합운동장,하차,22,163,101,325,524,446,278,474,1049,527,426,476,700,318,265,215,187,193,103,4
677,2022-12-05,2,218,종합운동장,승차,70,209,719,1008,646,402,404,319,275,321,490,517,618,638,259,212,242,134,51,22
678,2022-12-05,2,218,종합운동장,하차,36,256,571,1141,487,335,246,317,250,316,356,453,660,939,749,396,357,342,152,43
679,2022-12-06,2,218,종합운동장,승차,69,238,685,999,668,455,401,334,288,345,368,704,552,671,324,180,976,147,59,23
680,2022-12-06,2,218,종합운동장,하차,32,289,578,1132,508,371,209,324,315,329,406,494,817,1492,740,418,432,382,175,72
681,2022-12-07,2,218,종합운동장,승차,63,201,708,1046,645,437,448,392,353,310,416,605,586,771,318,281,896,269,77,29
682,2022-12-07,2,218,종합운동장,하차,42,275,540,1176,498,394,261,344,333,359,387,461,836,1496,748,421,442,393,215,103
683,2022-12-08,2,218,종합운동장,승차,56,218,711,1040,661,438,435,397,401,386,739,4230,722,698,391,259,913,204,69,47
684,2022-12-08,2,218,종합운동장,하차,37,290,529,1029,623,512,575,1819,2693,597,453,540,734,1314,811,440,436,401,264,85
685,2022-12-09,2,218,종합운동장,승차,57,186,679,939,668,406,350,357,336,451,618,626,890,804,391,245,879,278,66,37
686,2022-12-09,2,218,종합운동장,하차,30,253,488,1035,518,361,276,320,366,410,650,544,765,1435,817,356,434,415,275,135
687,2022-12-10,2,218,종합운동장,승차,52,97,135,233,342,422,438,384,418,1126,929,1760,722,1156,448,234,686,206,60,3
688,2022-12-10,2,218,종합운동장,하차,26,266,359,323,430,494,819,972,1661,1010,1062,544,619,764,358,275,324,281,222,10
689,2022-12-11,2,218,종합운동장,승차,44,83,76,163,229,363,384,527,438,494,352,966,449,259,355,899,121,77,44,2
690,2022-12-11,2,218,종합운동장,하차,35,255,143,295,413,455,345,345,791,525,417,640,870,298,243,246,250,189,113,9
691,2022-12-12,2,218,종합운동장,승차,67,224,701,1038,627,506,443,369,315,411,429,459,500,545,242,239,277,146,38,46
692,2022-12-12,2,218,종합운동장,하차,36,351,712,1045,525,397,241,365,411,365,359,408,641,1046,654,398,350,348,181,47
693,2022-12-13,2,218,종합운동장,승차,61,224,752,1086,694,543,481,391,317,460,388,446,557,582,274,201,187,112,50,44
694,2022-12-13,2,218,종합운동장,하차,39,279,624,1097,494,332,296,352,313,342,427,393,612,930,694,403,456,418,222,89
695,2022-12-14,2,218,종합운동장,승차,58,215,678,1021,689,517,395,346,299,410,375,438,543,597,293,983,387,113,50,37
696,2022-12-14,2,218,종합운동장,하차,39,259,577,1027,477,341,247,350,322,352,407,471,765,1451,833,415,431,428,214,76
697,2022-12-15,2,218,종합운동장,승차,72,236,697,966,663,485,410,343,330,443,386,636,628,574,285,226,1021,283,75,49
698,2022-12-15,2,218,종합운동장,하차,41,293,602,1029,640,352,257,323,350,362,365,446,758,1345,981,376,455,441,299,112
699,2022-12-16,2,218,종합운동장,승차,71,202,644,942,649,462,339,373,346,681,664,633,1954,793,428,381,1112,959,567,990
700,2022-12-16,2,218,종합운동장,하차,43,262,501,948,474,377,244,497,739,1088,914,991,1659,2677,1868,415,444,438,353,197
701,2022-12-17,2,218,종합운동장,승차,46,101,124,218,329,420,421,406,347,519,392,699,480,1141,563,779,830,331,61,0
702,2022-12-17,2,218,종합운동장,하차,37,193,231,276,341,331,297,367,515,864,1096,782,1103,881,412,264,338,311,219,23
703,2022-12-18,2,218,종합운동장,승차,31,72,89,142,188,325,330,460,385,474,311,1044,470,286,991,815,87,69,29,3
704,2022-12-18,2,218,종합운동장,하차,31,282,197,260,324,398,238,389,739,596,632,922,777,268,291,293,187,210,115,4
705,2022-12-19,2,218,종합운동장,승차,73,191,665,930,607,474,402,345,310,478,582,491,481,535,262,218,395,105,43,36
706,2022-12-19,2,218,종합운동장,하차,38,267,452,948,576,333,242,299,317,268,384,428,596,1076,618,404,415,347,174,67
707,2022-12-20,2,218,종합운동장,승차,47,208,675,966,627,433,382,328,304,569,541,645,550,596,374,228,779,292,55,28
708,2022-12-20,2,218,종합운동장,하차,36,251,443,950,476,352,217,291,305,313,432,466,657,1320,768,388,435,416,243,78
709,2022-12-21,2,218,종합운동장,승차,64,239,689,1011,682,434,393,371,484,725,518,751,609,639,323,321,1368,309,63,29
710,2022-12-21,2,218,종합운동장,하차,40,259,500,1045,623,326,268,301,350,392,387,513,878,1643,992,463,432,532,258,103
711,2022-12-22,2,218,종합운동장,승차,53,203,625,913,620,445,365,343,308,532,524,676,648,580,316,265,1312,248,76,35
712,2022-12-22,2,218,종합운동장,하차,29,277,452,963,484,331,230,295,344,341,408,425,769,1636,950,430,459,519,227,122
713,2022-12-23,2,218,종합운동장,승차,58,192,569,924,562,362,315,345,387,661,716,593,2086,586,434,300,1517,2803,1558,32
714,2022-12-23,2,218,종합운동장,하차,36,225,376,858,407,294,270,379,695,1016,887,589,1208,5471,2544,379,409,436,267,126
715,2022-12-24,2,218,종합운동장,승차,59,94,94,178,298,387,303,344,408,493,512,889,445,1266,255,714,4824,313,49,2
716,2022-12-24,2,218,종합운동장,하차,38,174,153,203,226,240,268,348,532,1042,1316,2045,4990,1062,472,268,383,309,152,26
717,2022-12-25,2,218,종합운동장,승차,37,66,68,140,202,361,285,543,425,471,462,1168,1270,1242,549,934,2753,163,58,1
718,2022-12-25,2,218,종합운동장,하차,45,146,88,267,356,430,310,415,1005,1295,1559,1619,4050,314,226,270,290,230,167,5
719,2022-12-26,2,218,종합운동장,승차,64,199,646,878,566,418,383,400,444,449,508,462,528,560,247,194,634,107,56,35
720,2022-12-26,2,218,종합운동장,하차,31,328,500,1009,471,292,259,496,381,352,473,450,602,1195,701,385,359,365,180,86
721,2022-12-27,2,218,종합운동장,승차,55,181,597,955,579,433,393,391,464,429,473,489,567,582,303,237,941,273,65,25
722,2022-12-27,2,218,종합운동장,하차,28,254,507,990,497,325,251,288,340,317,418,507,662,1444,755,376,427,402,265,94
723,2022-12-28,2,218,종합운동장,승차,55,188,608,881,583,370,353,393,491,587,628,531,561,596,314,285,1184,251,58,25
724,2022-12-28,2,218,종합운동장,하차,32,222,432,960,407,309,283,331,335,353,412,477,767,1752,787,376,461,418,255,89
725,2022-12-29,2,218,종합운동장,승차,58,166,549,838,625,394,383,442,428,537,405,614,503,610,318,256,1091,290,58,44
726,2022-12-29,2,218,종합운동장,하차,37,214,353,896,440,281,217,305,314,361,460,435,765,1587,796,364,393,413,211,109
727,2022-12-30,2,218,종합운동장,승차,61,173,503,685,544,530,377,387,376,535,484,516,1783,592,266,240,1252,2138,441,60
728,2022-12-30,2,218,종합운동장,하차,27,199,273,795,375,306,280,391,632,1080,734,690,970,2142,2185,345,299,387,217,110
729,2022-12-31,2,218,종합운동장,승차,49,78,100,180,344,286,297,334,306,1054,612,538,401,1093,436,153,3031,421,75,57
730,2022-12-31,2,218,종합운동장,하차,40,163,123,198,232,344,764,537,466,793,1269,832,982,2043,422,237,331,295,227,76
